lccn,title,city,county,place_of_publication,start_year,end_year,frequency,publisher,language
sn90052355,The 124th infantry alligator.,Fort Benning,Muscogee,"Fort Benning, Ga.",1941,9999,Weekly,Members of the 124th Infantry,English
sn89053135,The Abbeville chronicle.,Abbeville,Wilcox,"Abbeville, Ga.",1896,1953,Weekly,J.R. Monroe,English
sn79002836,The Acworth neighbor.,Acworth,Cobb,"Marietta, Ga.",1968,9999,Weekly,Neighbor Newspapers,English
sn88054069,The Acworth post.,Acworth,Cobb,"Acworth, Ga.",1968,1968,Weekly,"North Cobb News, Inc.",English
sn89053362,The Adairsville banner.,Adairsville,Bartow,"Adairsville, Ga.",1898,9999,Weekly,Thomas Johnson,English
sn89053361,Adairsville ledger.,Adairsville,Bartow,"Adairsville, Ga.",1890,9999,Weekly,[T.A.J. Major,English
sn88054040,The Adel news.,Adel,Berrien,"Adel, Ga.",1886,1983,Weekly,A.A. Webb,English
2008233466,The Advance.,Vidalia,Toombs,"Vidalia, Ga.",2003,9999,Weekly,Advance Pub. Co.,English
sn89053386,Advertiser and appeal.,Brunswick,Glynn,"Brunswick, Ga.",1882,1889,Semiweekly,T.G. Stacy,English
sn82014204,The Advertiser-republican.,Savannah,Chatham,"Savannah, Ga.",1873,1874,Daily (except Mon.),Beard & Kimball,English
sn89053028,The advertiser.,Fort Gaines,Clay,"Fort Gaines, GA.",1880,9999,Weekly,W.B. Graham,English
sn89053385,Advertiser.,Brunswick,Glynn,"Brunswick, Ga.",1875,1875,Weekly,T. Goulding Stacy,English
sn89053565,The advertiser.,Cleveland,White,"Cleveland, Ga.",1881,1999,Weekly,A. Church,English
sn89053213,The Advocate-Democrat.,,Greene,"Crawfordville, Ga.",1893,9999,Weekly,Paul L. Smith,English
sn89053624,The Air-line eagle.,Gainesville,Hall,"Gainesville, Ga.",1860,1899,Weekly,W.H. Mitchell,English
sn90052146,The Alamo news.,Alamo,Wheeler,"Alamo, Ga.",1912,1999,Weekly,[s.n.],English
sn90052342,Albany courier.,Albany,Dougherty,"Albany, Ga.",1840,1899,Weekly,"Gardner, Brother & Harvey",English
sn87090005,The Albany daily herald.,Albany,Dougherty,"Albany, Ga.",1891,1909,Daily (except Sun.),Herald Pub. Co.,English
sn82015435,The Albany news.,Albany,Dougherty,"Albany, Ga.",1860,1880,Weekly,C.W. Styles,English
sn82014211,The Albany patriot.,,Baker,"Albany, Ga.",1845,1866,Weekly,Tift & Boughton,English
sn98062571,The Albany southwest Georgian.,Albany,Dougherty,"Albany, GA",1938,9999,Weekly,[s.n.],English
sn89053578,The Albany tri-weekly news.,Albany,Dougherty,"Albany, Ga.",1867,1869,Triweekly,J.F. Cargile & Co.,English
sn89053576,Albany weekly herald.,Albany,Dougherty,"Albany, Ga.",1892,1999,Weekly,"H.M. McIntosh, Dc [1892]-",English
sn89053598,The Alma times.,Alma,Bacon,"Alma, Ga.",1913,1983,Weekly,Alma Times Pub. Co.,English
sn89053707,The Alpharetta free press.,Alpharetta,Fulton,"Alpharetta, GA.",1880,1999,Weekly,G.D. Rucker,English
sn87091076,American advocate.,Louisville,Jefferson,"Louisville, Ga.",1816,9999,Weekly,George W. Wheeler & James Clarke,English
sn86053068,American Democrat.,Macon,Bibb,"Macon, Ga.",1843,1844,Weekly,W.A. & C. Thompson,English
sn85034288,The American patriot.,Savannah,Chatham,"Savannah, Ga.",1812,1812,Semiweekly,Mitchell and Pratt,English
sn91066195,American republic.,Macon,Bibb,"Macon, Ga.",1859,1899,Weekly,"Russell, Berney & Co.",English
sn90052344,American standard.,Albany,Dougherty,"Albany, Ga.",1850,1899,Weekly,Edwin T. Jones,English
sn82014214,The American union.,Macon,Bibb,"Griffin, Ga.",1848,1869,Weekly,A.G. Murray & J.H. Logan,English
sn89053081,The American union.,West Bowersville,Franklin,"West Bowersville, Ga.",1885,1999,Weekly,W.F. Bowers,English
sn90052269,The American union.,Macon,Bibb,"Macon, Ga.",1860,1873,Weekly,[s.n.,English
sn85027049,American Whig.,Griffin,Spalding,"Griffin, Ga.",1846,1899,Weekly,A.G. Murray,English
sn89053201,Americus daily recorder.,Americus,Sumter,"Americus, Ga.",1884,1891,Daily (except Mon.),W.L. Glessner,English
sn89053200,The Americus recorder tri-weekly.,Americus,Sumter,"Americus, Ga.",1879,1884,Three times a week,W.L. Glessner,English
sn89053204,Americus times-recorder.,Americus,Sumter,"Americus, Ga.",1891,9999,Daily (except Sun. and selected holidays),Times Pub. Co.,English
sn89053207,Americus times-recorder.,Americus,Sumter,"Americus, Ga.",1891,1902,Weekly,Times Pub. Co.,English
sn89053209,Americus times-recorder.,Americus,Sumter,"Americus, Ga.",1907,1910,Weekly,"Thomas Gamble, Jr.",English
sn89053451,Americus times-recorder.,Americus,Sumter,"Americus, Ga.",1917,1922,Weekly,Times-Recorder Co.,English
sn89053205,Americus weekly recorder.,Americus,Sumter,"Americus, Ga.",1800,1891,Weekly,W.L. Glessner,English
sn89053208,Americus weekly times-recorder.,Americus,Sumter,"Americus, Ga.",1902,1907,Weekly,[s.n.,English
sn82014742,The Argus.,Savannah,Chatham,"Savannah, Ga.",1828,1829,Weekly,C.E. Bartlet,English
sn90052379,The Argus.,Buena Vista,Marion,"Buena Vista, Ga.",1875,1875,Weekly,A.M.C. Russell,English
sn89053953,Arlington advance.,Arlington,Calhoun,"Arlington, Ga.",1879,1889,Weekly,Jones & Lehman,English
sn85038494,Army and Navy herald.,Macon,Bibb,"Macon, Ga.",1863,1865,Weekly,"Published for the Soldiers' Tract Assn., M.E. Church, for the Armies of the South-West",English
sn87647289,Art papers.,Atlanta,Fulton,"Atlanta, Ga.",1981,9999,Six no. a year,Atlanta Art Papers,English
sn89053335,The Ashburn advance.,Ashburn,Turner,"Ashburn, Ga.",1800,1999,Weekly,H.D. Smith,English
sn98240343,The Athenaeum.,Atlanta,Fulton,"Atlanta, GA",1898,1925,Monthly during the school year,,English
sn85027027,The Athenian.,Athens,Clarke,"Athens, Ga.",1827,1832,Weekly,O.P. Shaw,English
sn88054115,Athens banner-herald.,Athens,Clarke,"Athens, Ga.",1933,9999,Daily (except Monday),"Athens Newspapers, Inc.",English
sn86090957,The Athens banner.,Athens,Clarke,"Athens, Ga.",1880,1881,Weekly,[s.n.,English
sn88054098,The Athens banner.,Athens,Clarke,"Athens, Ga.",1902,1923,Daily,H.J. Rowe,English
sn89053552,The Athens chronicle.,Athens,Clarke,"Athens, Ga.",1885,1889,Weekly,Harry H. Phinizy,English
sn88054119,The Athens clipper.,Athens,Clarke,"Athens, Ga.",1888,1999,Weekly,S.B. Davis,English
sn89053946,The Athens daily banner.,Athens,Clarke,Athens Ga.,1879,1881,Daily,J.T. Waterman,English
sn89053947,Athens daily banner.,Athens,Clarke,"Athens, Ga.",1889,1902,Daily,T.L. Gantt,English
sn88054118,The Athens daily herald.,Athens,Clarke,"Athens, Ga.",1912,1923,Daily (except Sat. and Sun.),Herald Pub. Co.,English
sn89053553,The Athens evening chronicle.,Athens,Clarke,"Athens, Ga.",1888,1889,Daily (except Sun.),Stone & Christy,English
sn89053550,Athens evening news.,Athens,Clarke,"Athens, Ga.",1890,1999,Daily (except Sun.),News Pub. Co.,English
sn87091082,Athens gazette.,Athens,Clarke,"Athens, Ga.",1814,1899,Weekly,Hodge & [McDonnell],English
2012233098,The Athens republique.,Athens,Clarke,"Athens, Ga.",1919,9999,Weekly,Athens Republique,English
sn88054111,The Athens weekly banner.,Athens,Clarke,"[Athens, Ga.",1879,1880,Weekly,s.n.,English
sn88054117,Athens weekly banner.,Athens,Clarke,"Athens, Ga.",1889,1891,Weekly,T.L. Gantt,English
sn89053551,Athens weekly chronicle.,Athens,Clarke,"Athens, Ga.",1878,1885,Weekly,Joe O'Farrell,English
sn91074124,The Athens weekly chronicle.,Athens,Clarke,"Athens, Ga.",1880,1889,Weekly,Stone & Christy,English
sn85027041,The Athens weekly Georgian.,Athens,Clarke,"Athens, Ga.",1875,1877,Weekly,H.H. Carlton & Co.,English
sn89053708,The Atlanta advance.,Atlanta,Fulton,"Atlanta, Ga.",1890,1999,Weekly,Ed. M. Evons & Son,English
sn82014241,Atlanta age.,Atlanta,Fulton,"Atlanta, Ga.",1898,1999,Weekly,W.A. Pledger and A.M. Hill,English
sn30633576,Atlanta art papers.,Atlanta,Fulton,"Atlanta, Ga.",1980,1980,1 volume,Atlanta Art Papers,English
sn30633562,Atlanta Art Workers Coalition newspaper.,Atlanta,Fulton,"Atlanta, Ga.",1978,1980,Bimonthly,The Coalition,English
sn61372257,Atlanta barb,Atlanta,Fulton,"Atlanta, Ga.",1973,9999,,Atlanta Barb,English
sn89053709,The Atlanta commercial.,Atlanta,Fulton,"Atlanta, GA.",1890,1999,Daily (except Sun.),B.M. Blackburn,English
sn89053706,The Atlanta constitution.,Atlanta,Fulton,"Atlanta, Ga.",1885,1999,Weekly,[s.n.,English
sn85027105,Atlanta daily examiner.,Atlanta,Fulton,"Atlanta, Ga.",1854,1857,Daily (except Sun.),William Kay,English
sn85034215,The Atlanta daily herald.,Atlanta,Fulton,"Atlanta, Ga.",1872,1876,Daily (except Mon.),The Herald Pub. Co.,English
sn89053737,The Atlanta daily intelligencer and examiner.,Atlanta,Fulton,"Atlanta, Ga.",1857,1858,Daily (except Mon.),Duncan & Lochrane,English
sn85027104,The Atlanta daily intelligencer.,Atlanta,Fulton,"Atlanta, Ga.",1854,1857,Daily (except Mon.),W.B. Ruggles & T.C. Howard,English
sn82014287,Atlanta daily new era.,Atlanta,Fulton,"Atlanta, Ga.",1869,1871,Daily (except Mon.),Samuel Bard,English
sn91099156,Atlanta daily post.,Atlanta,Fulton,"Atlanta, GA.",1878,1880,Daily (except Sat.),David E. Caldwell,English
sn83026606,Atlanta daily register.,Atlanta,Fulton,"Atlanta, Ga.",1864,1864,Daily (except Mon.),"Sperry, Hutcheson & Co.",English
sn83016187,The Atlanta daily sun.,Atlanta,Fulton,"Atlanta, Ga.",1870,1873,Daily,Atlanta Sun Pub. Co.,English
sn82015425,Atlanta daily world.,Atlanta,Fulton,"Atlanta, Ga.",1932,9999,Semiweekly,W.A. Scott,English
sn89053711,The Atlanta evening capitol.,Atlanta,Fulton,"Atlanta, Ga.",1885,1999,Daily (except Sun.),C.S. Atwood & I.W. Avery,English
sn89053710,The Atlanta evening herald.,Atlanta,Fulton,"Atlanta, Ga.",1890,1899,Daily,Herald Newspaper Co.,English
sn89053728,Atlanta Georgian and news.,Atlanta,Fulton,"Atlanta, Ga.",1907,1912,Daily (except Sun.),F.L. Seely,English
sn89053729,Atlanta Georgian.,Atlanta,Fulton,"Atlanta, Ga.",1912,1939,Daily,Georgian Co.,English
sn89053730,The Atlanta Georgian.,Atlanta,Fulton,"Atlanta, GA.",1906,1907,Daily (except Sun.),F.L. Seely,English
sn91099155,Atlanta independent.,Atlanta,Fulton,"Atlanta, Ga.",1872,1899,Weekly,T.S. Reynolds,English
sn88063050,The Atlanta inquirer.,Atlanta,Fulton,"Atlanta, Ga.",1960,9999,Weekly,Atlanta Inquirer,English
2023239337,Atlanta Intown.,Atlanta,Fulton,"Sandy Springs, GA",1998,9999,Monthly,,English
sn89053712,The Atlanta post-appeal.,Atlanta,Fulton,"Atlanta, Ga.",1880,1889,Daily (except Sun.),David E. Caldwell,English
sn86090947,Atlanta semi-weekly journal.,Atlanta,Fulton,"Atlanta, Ga.",1898,1920,Semiweekly,[s.n.,English
2023239325,Atlanta senior life.,Sandy Springs,Fulton,"Sandy Springs, GA",2016,2023,Monthly,,English
sn86090946,Atlanta telegram.,Atlanta,Fulton,"Atlanta, Ga.",1876,9999,Daily,Bridges W. Smith & Co.,English
sn89053713,Atlanta tri-weekly journal.,Atlanta,Fulton,"Atlanta, GA.",1920,1999,Triweekly,[s.n.],English
sn90052364,The Atlanta universalist.,Atlanta,Fulton,"Atlanta, Ga.",1880,1884,Semimonthly,,English
sn89053704,Atlanta weekly constitution.,Atlanta,Fulton,"Atlanta, Ga.",1878,1881,Weekly,[s.n.],English
sn90052349,The Atlanta weekly examiner.,Atlanta,Fulton,"Atlanta, Ga.",1854,1857,Weekly,William Kay,English
sn90052365,Atlanta weekly herald.,Atlanta,Fulton,"Atlanta, Ga.",1872,1876,Weekly,[s.n.,English
sn91099162,The Atlanta weekly intelligencer and Cherokee advocate.,Marietta,Cobb,"Atlanta and Marietta, Ga.",1855,1899,Weekly,Ruggles & Howard,English
sn91074142,Atlanta weekly intelligencer.,Atlanta,Fulton,"Atlanta, Ga.",1850,1899,Weekly,A.A. Gaulding & Co.,English
sn91099161,The Atlanta weekly intelligencer.,Atlanta,Fulton,"Atlanta, Ga.",1840,1855,Weekly,W.B. Ruggles,English
sn90052113,The Atlanta weekly post.,Atlanta,Fulton,"Atlanta, Ga.",1878,1999,Weekly,E.Y. Clark,English
sn85034216,The Atlanta whig.,Atlanta,Fulton,"Atlanta, Ga.",1870,1899,Weekly,Charles W. Hubner,English
sn85047544,Atlanta world.,Atlanta,Fulton,"Atlanta, Ga.",1920,1932,Daily,W.A. Scott,English
gua3072345,The Atlantian,Atlanta,Fulton,"Atlanta, Ga.",1900,9999,Monthly,Atlantian Pub. Co.,English
sn90052253,Augusta advertiser.,Augusta,Richmond,Augusta,1877,1877,Weekly,John M. Weisle,English
sn82014207,Augusta chronicle & Georgia gazette.,Augusta,Richmond,"Augusta, Ga.",1821,1822,Semiweekly,B.T. Duyckinck,English
sn90052047,Augusta chronicle & sentinel.,Augusta,Richmond,"Augusta, Ga.",1837,1837,Semiweekly,William E. Jones,English
sn82015220,The Augusta chronicle and gazette of the state.,Augusta,Richmond,Augusta [Ga.],1789,1806,Weekly,John E. Smith,English
sn82014184,Augusta chronicle and Georgia advertiser.,Augusta,Richmond,"Augusta, Ga.",1822,1831,Semiweekly,T.S. Hannon,English
sn86053009,Augusta chronicle and Georgia advertiser.,Augusta,Richmond,"Augusta, Ga.",1822,1831,Weekly,A.H. Pemberton,English
sn82014182,"Augusta chronicle, and Georgia gazette.",Augusta,Richmond,"Augusta, Ga.",1817,1820,Triweekly,"Kean, Duyckinck & Pearre",English
sn82014185,Augusta chronicle.,Augusta,Richmond,"Augusta, Ga.",1806,1817,Semiweekly,Printed by D. Driscol,English
sn82014206,Augusta chronicle.,Augusta,Richmond,"Augusta, Ga.",1820,1821,Semiweekly,Kean & Charlton,English
sn82014208,Augusta chronicle.,Augusta,Richmond,"Augusta, Ga.",1831,1836,Semiweekly,A.H. Pemberton,English
sn86053007,The Augusta constitutionalist.,Augusta,Richmond,"Augusta, Ga.",1875,1877,Daily (except Monday),"Jas. G. Bailie, Francis Cogin, Geo. T. Jackson",English
sn88071001,The Augusta courier.,Augusta,Richmond,"Augusta, Ga.",1946,1974,Weekly,Old Man Everybody,English
sn89053973,The Augusta daily herald.,Augusta,Richmond,"Augusta, Ga.",1908,1914,Daily,Herald Pub. Co.,English
sn85038505,Augusta evening dispatch.,Augusta,Richmond,"Augusta, Ga.",1857,1861,Daily (except Sun.),S.A. Atkinson,English
sn83004595,Augusta focus.,Augusta,Richmond,"[Augusta, Ga.",1980,9999,Weekly,Black Focus],English
sn82014178,Augusta herald.,Augusta,Richmond,Augusta [Ga.],1799,1822,Semiweekly,Printed by George F. Randolph & William J. Bunce,English
sn82014179,The Augusta herald.,Augusta,Richmond,"Augusta, Ga.",1890,1908,Daily,[Herald Pub. Co.,English
sn89053972,The Augusta herald.,Augusta,Richmond,"Augusta, Ga.",1914,9999,Daily,Herald Pub. Co.,English
sn89053971,Augusta mirror.,Augusta,Richmond,"Augusta, Ga.",1838,1899,Biweekly,[s.n.],English
sn88054027,The Augusta news-review.,Augusta,Richmond,"Augusta, Ga.",1972,1985,Weekly,M.K. Millender,English
sn83016240,The Augusta union.,Augusta,Richmond,"Augusta, Ga.",1889,1999,Weekly,[A.W. Wimberly],English
sn90052016,Augusta Washingtonian.,Augusta,Richmond,"Augusta, Ga.",1843,1845,Weekly,James McCofferty,English
sn90052254,The Augusta weekly press.,Augusta,Richmond,"Augusta, Ga.",1869,1899,Weekly,C.R. Hanleiter,English
sn90052186,The Backwoodsman and Upson yeoman.,Thomaston,Upson,"Thomaston, Ga.",1834,1899,Weekly,[s.n.],English
sn85034393,The Bainbridge argus.,Bainbridge,Decatur,"Bainbridge, Ga.",1856,1871,Weekly,Hugh M. King,English
sn88054079,The Bainbridge democrat.,Bainbridge,Decatur,"Bainbridge, Ga.",1800,9999,Weekly,Ben E. Russell,English
sn88054149,The Bainbridge search light.,Bainbridge,Decatur,"Bainbridge, Ga.",1903,1915,Weekly,S. Russell Brinson,English
sn85034008,The Bainbridge weekly democrat.,Bainbridge,Decatur,"Bainbridge, Ga.",1872,1899,Weekly,Ben. E. Russell & Jones,English
sn85034010,The Bainbridge weekly sun.,Bainbridge,Decatur,"Bainbridge, Ga.",1872,9999,Weekly,John R. Hayes,English
sn90052232,The Baker County news.,Newton,Baker,"Newton, Baker County, Ga.",1912,9999,Weekly,O.J. Culpepper,English
2025239494,The Baldwin bulletin.,Milledgeville,Baldwin,"Milledgeville, GA",0,9999,Weekly,,English
sn89053363,Banks County gazette.,Homer,Banks,"Homer, Ga.",1890,1897,Weekly,Banks County Pub. Co.,English
sn88054073,Banks County journal.,Homer,Banks,"Homer, Ga.",1897,9999,Weekly,Hardman-Shankle Mdse. Co.,English
sn90052391,The Banks County news.,Homer,Banks,"Homer, Banks County, Ga.",1968,9999,Weekly,Herman Buffington,English
sn90052166,Banks County observer.,Homer,Banks,"Homer, Ga.",1888,1889,Weekly,Jno Barton,English
sn89053822,The Banner and Baptist.,Atlanta,Fulton,"Atlanta, Ga.",1860,1869,Weekly (50 nos. per annum),H.C. Hornady,English
sn87090572,The banner of the South and planters' journal.,Augusta,Richmond,"Augusta, Ga.",1870,1899,Weekly,Chronicle Pub. Co.,English
sn85034229,The banner of the South.,Augusta,Richmond,"Augusta, Ga.",1868,1870,Weekly,Rev. A.J. Ryan,English
sn88054099,The Banner-herald.,Athens,Clarke,"Athens, Ga.",1923,1933,Daily,Athens Pub. Co.,English
sn89054000,The Banner-messenger.,Buchanan,Haralson,"Buchanan, Ga.",1891,1904,Weekly,A. Edgar Nix,English
sn88054100,The Banner-Watchman.,Athens,Clarke,"Athens, Ga.",1882,1886,Weekly,"Yancey, Cranford, and Gantt",English
sn88054102,Banner-watchman.,Athens,Clarke,"Athens, Ga.",1887,1889,Daily,[s.n.,English
sn89053377,The banner-watchman.,Athens,Clarke,"Athens, Ga.",1884,1886,Daily,T.L. Gantt,English
sn89053823,The Baptist banner.,Atlanta,Fulton,"Atlanta, Ga.",1860,1999,Weekly,Jas. N. Ells & Co.,English
sn25739048,The Baptist reporter.,Guyton,Effingham,"Guyton, Ga.",1800,9999,Weekly,J.A. Scarbobo & Co.,English
sn89053626,The Baptist sun.,Gainesville,Hall,"Gainesville, Ga.",1887,1999,Weekly,Baptist Sun Pub. Co.,English
sn93024003,The Barb.,Atlanta,Fulton,"Atlanta, Ga.",1970,1979,Monthly,,English
sn89053227,The Barnesville gazette.,Barnesville,Lamar,"Barnesville, Ga.",1870,1899,Weekly,J.C. McMichael,English
sn89053226,The Barnesville news-gazette.,Barnesville,Lamar,"Barnesville, Ga.",1890,1941,Weekly,News Pub. Co.,English
sn85034006,The Barnesville weekly gazette.,Barnesville,Lamar,"Barnesville, Ga.",1860,1879,Weekly,Pound & Lambdin,English
2014233435,Barrow journal.,Winder,Barrow,"Winder, Ga.",2008,2016,Weekly,,English
2021241459,Barrow news-journal.,Winder,Barrow,"Winder, Ga.",2016,9999,Weekly,,English
sn89053010,The Barrow times.,Winder,Barrow,"Winder, Barrow County, Ga.",1900,1921,Weekly,A.G. Lamar,English
sn89053396,The Bartow tribune.,Cartersville,Bartow,"Cartersville, Ga.",1910,1917,Weekly,Tribune Pub. Co.,English
sn89053395,The Bartow tribune. The Cartersville news.,Cartersville,Bartow,"Cartersville, Ga.",1917,1924,Weekly,Tribune Pub. Co.,English
sn89053376,The bee.,Forsyth,Monroe,"Forsyth, Ga.",1848,1999,Weekly,James W. Gaulding,English
sn91099126,The bee.,Savannah,Chatham,"Savannah, Ga.",1865,1899,Weekly,G.N. Nichols,English
sn85027026,Berrien County news.,Alapaha,Berrien,"Alapaha, Ga.",1875,1886,Weekly,Robert K. Turner,English
sn24978994,Bethesda news.,Savannah,Chatham,"Savannah, Ga.",1900,9999,Bimonthly,Bethesda Alumni,English
sn89053605,Blackshear news.,Blackshear,Pierce,"Blackshear, GA.",1878,1899,Weekly,E.Z. Byrd,English
sn90052009,The Blackshear times.,Blackshear,Pierce,"Blackshear, Ga.",1876,9999,Weekly,Pierce Co. Pub. Co.,English
sn90052032,Blairsville free press.,Blairsville,Union,"Blairsville, Ga.",1896,1999,Weekly,"J.A. Butt, Jr.",English
sn89053351,The Blairsville herald.,Blairsville,Union,"Blairsville, Ga.",1892,9999,Weekly,Quillian & Wellborn,English
sn89053846,The Blue Ridge post.,Blue Ridge,Fannin,"Blue Ridge, Fannin County, Ga.",1800,1999,Weekly,McKinney Bros.,English
sn81308021,The BluePrint.,Atlanta,Fulton,,2013,9999,,,English
sn91099157,The Bogart news.,Bogart,Oconee,"Bogart, Oconee Co., Ga.",1896,1999,Weekly,W.B. Loehr,English
sn89053102,The Brantley Countian.,Nahunta,Brantley,"Nahunta, Brantley County, Ga.",1925,1926,Weekly,J. Alvah Murray,English
sn89053103,The Brantley enterprise.,Nahunta,Brantley,"Nahunta, Brantley County, Ga.",1927,2014,Weekly,J. Alvah Murray,English
2014233574,The Braselton news.,Braselton,Barrow,"Jefferson, Ga",2006,9999,Weekly,,English
2023239316,Brookhaven reporter.,Brookhaven,DeKalb,"Sandy Springs, GA",2000,9999,Monthly,,English
sn87090017,Brunswick advertiser and appeal.,Brunswick,Glynn,"Brunswick, Ga.",1881,1881,Weekly,T.G. Stacy,English
sn87090016,Brunswick advertiser.,Brunswick,Glynn,"Brunswick, Ga.",1875,1881,Weekly,T.G. Stacy,English
sn82014176,Brunswick advocate.,Brunswick,Glynn,"Brunswick, Ga.",1837,1839,Weekly,Davis & Short,English
sn90052418,Brunswick advocate.,Brunswick,Glynn,"Brunswick, Ga.",1860,1899,Weekly,T.N. Gardner,English
sn87090010,The Brunswick appeal.,Brunswick,Glynn,"Brunswick, Ga.",1879,1881,Weekly,Carey W. Styles,English
sn90052142,The Brunswick daily news.,Brunswick,Glynn,"Brunswick, Ga.",1903,1906,Daily (except Mon.),News Pub. Co.,English
sn90052141,The Brunswick news.,Brunswick,Glynn,"Brunswick, Ga.",1901,1903,Daily,News Pub. Co.,English
sn90052143,The Brunswick news.,Brunswick,Glynn,"Brunswick, Ga.",1906,2016,Daily (except Mon.),News Pub. Co.,English
sn90052411,The Brunswick times-call.,Brunswick,Glynn,"Brunswick, Ga.",1900,1902,Daily (except Mon.),Arthur H. Leavy,English
sn90052410,The Brunswick times.,Brunswick,Glynn,"Brunswick, Ga.",1890,1900,Daily (except Mon.),Brunswick Pub. Co.,English
sn89053388,Brunswick weekly advertiser.,Brunswick,Glynn,"Brunswick, Ga.",1889,1899,Weekly,T.G. Stacy and Son,English
sn90052238,The Bryan County enterprise.,Pembroke,Bryan,"Pembroke, Ga.",1920,1927,Weekly,H.M. Sanders,English
2023239315,Buckhead reporter.,Atlanta,Fulton,"Sandy Springs, GA",2007,9999,Monthly,,English
sn85027045,The Buena Vista Argus.,Buena Vista,Marion,"Buena Vista, Ga.",1875,1881,Weekly,A.M.C. Russell,English
gua1449731,The bulletin of the Catholic Laymen's Association of Georgia.,Savannah,Chatham,"Augusta, Ga.",1920,1957,Fortnightly,Publicity Dept.,English
sn89053491,The bulletin.,Irwinton,Wilkinson,"Irwinton, Wilkinson County, Ga.",1910,1999,Weekly,Jack Maddox,English
sn89053587,The Bulloch County banner.,Statesboro,Bulloch,"Statesboro, GA.",1891,1894,Weekly,H.G. Everitt,English
sn89053589,The Bulloch herald.,Statesboro,Bulloch,"Statesboro, Ga.",1899,1901,Weekly,Herald Pub. Co.,English
sn89053596,Bulloch times.,Statesboro,Bulloch,"Statesboro, Ga.",1893,1917,Weekly,J.R. Miller,English
sn90052340,The Business circular.,Savannah,Chatham,"Savannah, Ga.",1867,1899,Weekly,Estill & Brother,English
sn85027046,The Butler herald.,Butler,Taylor,"Butler, Ga.",1875,1962,Weekly,W.J. Mathis,English
sn89053018,The Butts County progress.,Jackson,Butts,"Jackson, Ga.",1800,1915,Weekly,Van Wilhite,English
sn89053235,The Cairo messenger.,Cairo,Grady,"Cairo, Thomas County, Ga.",1904,9999,Weekly,B.W. Adkins,English
sn89053958,The Calhoun County courier.,Leary,Calhoun,"Leary, Ga.",1882,1946,Weekly,Joshua Jones,English
sn91099114,Calhoun Saturday times.,Calhoun,Gordon,"Calhoun, GA.",1877,1878,,D.B. Freeman,English
sn91099115,Calhoun times.,Calhoun,Gordon,"Calhoun, a.",1876,1876,Weekly,D.B. Freeman,English
sn91099116,Calhoun weekly times.,Calhoun,Gordon,"Calhoun, GA.",1873,1875,Weekly,Rice & Freeman,English
sn90052249,The Camilla enterprise.,Camilla,Mitchell,"Camilla, Ga.",1902,9999,Semiweekly,W.A. Allen,English
sn38019897,The Campus mirror.,Atlanta,Fulton,"Atlanta, Georgia",1924,1999,,,English
sn89053076,Carnesville advance.,Carnesville,Franklin,"Carnesville, Ga.",1899,1919,Weekly,J.R. Dortch,English
sn89053083,The Carnesville tribune.,Carnesville,Franklin,"Carnesville, GA.",1890,1999,Weekly,Ellen J. Dortch,English
sn85034016,The Carroll County times.,Carrollton,Carroll,"Carrollton, Ga.",1872,1948,Weekly,Sharpe & Meigs,English
sn89053126,The Carroll free press.,Carrollton,Carroll,"Carrollton, Ga.",1883,1948,Weekly,Edwin R. Sharpe,English
sn89053834,The Carrollton advocate.,Carrollton,Carroll,"Carrollton, Carroll County, Ga.",1860,1861,Weekly,"Asbury, Wootten & Co.",English
sn88054140,The Cartersville American.,Cartersville,Bartow,"Cartersville, Ga.",1882,1886,Weekly,Douglas Wikle,English
sn88054138,The Cartersville courant-American.,Cartersville,Bartow,"Cartersville, Ga.",1888,1889,Weekly,E. Christian & D.B. Freeman,English
sn88054141,The Cartersville courant.,Cartersville,Bartow,"Cartersville, Ga.",1885,1886,Weekly,"[s.n., 1885-1886]",English
2010233158,The Cartersville express.,Cartersville,Bartow,"Cartersville, Ga.",1800,1899,Weekly,W. T. Goldsmith,English
sn85027043,The Cartersville express.,Cartersville,Bartow,"Cartersville, Ga.",1875,1899,Weekly,C.H.C. Willingham,English
sn85034017,The Cartersville express.,Cartersville,Bartow,"Cartersville, Ga.",1867,1870,Weekly,Sam'l H. Smith and Rob't P. Milam,English
sn88054131,Cartersville express. Semi-weekly.,Cartersville,Bartow,"Cartersville, Ga.",1870,1871,Semiweekly,Samuel H. Smith,English
sn88054134,The Cartersville news.,Cartersville,Bartow,"Cartersville, Ga.",1904,1917,Weekly,Cartersville Print. Co.,English
sn88054130,The Cartersville semi-weekly express.,Cartersville,Bartow,"Cartersville, Ga.",1871,1871,Semiweekly,S.H. Smith & Co.,English
sn89053364,The Cartersville sentinel.,Cartersville,Bartow,"Cartersville, Ga.",1874,1879,Weekly,Brewster & Heath,English
sn88054132,The Cartersville weekly express.,Cartersville,Bartow,"Cartersville, Ga.",1870,1870,Weekly,Samuel H. Smith,English
2020233304,Cassville gazette.,Cassville,Bartow,"Cassville, Ga.",1830,9999,Weekly,,English
sn89053357,The Cassville standard.,Cassville,Bartow,"Cassville, Ga.",1800,1999,Weekly,Thomas A. Burke,English
sn88054032,Cedartown advertiser.,,Haralson,"Cedartown, Ga.",1878,1889,Weekly,Advertiser Pub. Co.,English
sn85027037,The Cedartown express.,,Haralson,"Cedartown, Ga.",1874,1879,Weekly,Tom Gibson,English
sn85027038,The Cedartown record.,Cave Spring,Floyd,"Cedartown, Ga.",1874,1879,Weekly,W.S.D. Wikle & Co.,English
sn88054033,The Cedartown standard.,Cedartown,Polk,"Cedartown, Ga.",1889,1946,Semiweekly,Russell & Coleman,English
sn85034105,The central Georgian.,Sandersville,Washington,"Sandersville, Ga.",1847,1874,Weekly,S.B. Crafton,English
00211074,The champion newspaper.,Decatur,DeKalb,"Decatur, GA",1900,9999,Weekly,"Ace III Communications, Inc.",English
sn89053641,Charlton County herald.,Folkston,Charlton,"Folkston, Ga.",1898,9999,Weekly,W.W. Tyler,English
sn89053520,The Chattooga advertiser.,Summerville,Chattooga,"Summerville, Ga.",1871,1999,Weekly,Pate & Phirl,English
sn89053932,The Chattooga news.,Summerville,Chattooga,"Summerville, Chattooga County, Ga.",1887,1896,Weekly,Joe W. Cain,English
sn87090231,The Cherokee advance.,Canton,Cherokee,"Canton, Ga.",1880,1999,Weekly,Ben F. Perry,English
sn22213227,Cherokee advocate.,Marietta,Cobb,"Marietta, Ga.",1800,9999,Weekly,,English
2020233238,The Cherokee agriculturist : and patron of husbandry.,Dalton,Whitfield,"Dalton, Georgia",1875,9999,Monthly,,English
sn85027032,The Cherokee Georgian.,Canton,Cherokee,"Canton, Cherokee County, Ga.",1875,1899,Weekly,Brewster & Sharp,English
sn91074163,The Cherokee Georgian.,Dalton,Whitfield,"Dalton, Ga.",1865,9999,Weekly,J.A.R. Hanks & Co.,English
2019233479,Cherokee intelligencer.,Canton,Cherokee,Cherokee (C.H.),1833,1834,Weekly,,English
sn83020874,"Cherokee phoenix, and Indians' advocate.",Echota,Gordon,New Echota [Ga.],1829,1834,Weekly,Cherokee Nation,Cherokee
sn83020866,Cherokee phoenix.,Echota,Gordon,New Echota [Ga.],1828,1829,Weekly,Isaac H. Harris,Cherokee
2001233947,Christian index and South-western Baptist.,Atlanta,Fulton,"Atlanta, Ga.",1866,1871,Weekly,Franklin Print. House,English
2001233949,The Christian index and southern Baptist.,Atlanta,Fulton,"Atlanta, Ga.",1881,1892,Weekly,Franklin Steam Print. House,English
2001233946,The Christian index.,Washington,Wilkes,"Washington, Ga.",1835,1866,Weekly,Jesse Mercer and William H. Stokes,English
2001233948,The Christian index.,Atlanta,Fulton,"Atlanta, Ga.",1872,1881,Weekly,Franklin Print. House,English
sn82007349,The Christian index.,Atlanta,Fulton,"Atlanta, Ga.",1892,9999,Monthly,J.C. McMichael,English
sn90052044,Chronicle & sentinel.,Augusta,Richmond,"Augusta, Ga.",1864,1866,Weekly,N.S. Morse & Co.,English
sn90052046,Chronicle & sentinel.,Augusta,Richmond,"Augusta, Geo.",1838,1838,Triweekly,William E. Jones,English
sn39724533,Clark Atlanta University Panther.,Atlanta,Fulton,"Atlanta, Georgia",1989,9999,,,English
sn91099153,The Clarke County courier.,Athens,Clarke,"Athens, Ga.",1000,1999,Weekly,J.E. Gardner,English
sn91099148,Claxton enterprise.,Claxton,Evans,"Claxton, Ga.",1989,9999,Weekly,[s.n.,English
sn89053030,Clay County reformer.,Fort Gaines,Clay,"Fort Gaines, GA.",1894,9999,Weekly,S.R. Weaver,English
sn89053526,Clayton County news and farmer.,Jonesboro,Clayton,"Jonesboro, Ga.",1928,1955,Weekly,Alan Kemper and J. Ellis Mundy,English
sn89053095,The Clayton tribune.,Clayton,Rabun,"Clayton, Rabun County, Ga.",1800,9999,Weekly,L.P. Cross,English
sn89053566,The Cleveland advertiser.,Cleveland,White,"Cleveland, Ga.",1880,1881,Weekly,Alex. Church,English
sn89053826,Cleveland courier.,Cleveland,White,"Cleveland, White County, Ga.",1896,1975,Weekly,Geo. S. Kytle,English
sn88054127,The Cleveland progress.,Cleveland,White,"Cleveland, White County, Ga.",1892,1896,Weekly,W.B. Woodward,English
sn90052126,Clinch County news.,Homerville,Clinch,"Homerville, GA.",1897,1932,Weekly,News Pub. Co.,English
sn89053241,The Coastal courier.,Hinesville,Liberty,"Hinesville, Ga.",1980,9999,3 times a week,MNC,English
sn82014941,Cobb County times.,Marietta,Cobb,"Marietta, Ga.",1916,9999,Weekly,Otis A. Brumby,English
sn89053041,The Cochran journal.,Cochran,Bleckley,"Cochran, Bleckley County, Ga.",1900,9999,Weekly,R.E. Hammack,English
sn90052115,Coffee County gazette.,Pearson,Atkinson,"Pearson, Ga.",1800,1905,Weekly,Wm. Parker,English
sn88063051,The Coffee County progress.,Douglas,Coffee,"Douglas, Ga.",1913,9999,Weekly,T.A. Wallace,English
sn82014351,The colored American.,Augusta,Richmond,"Augusta, Ga.",1865,1866,Weekly,J.T. Shuften,English
sn82016225,The Colored tribune.,Savannah,Chatham,Savannah [Ga.],1875,1876,Weekly,"Toomer, White, Pleasant & Co.",English
sn90052332,Columbia advertiser.,Harlem,Columbia,"Harlem, Ga.",1880,1899,Weekly,J.W. Veronee,English
sn90052199,The Columbia sentinel.,,Columbia,"Harlem, Ga.",1882,1924,Weekly,Bollarel & Atkinson,English
sn87091100,Columbian centinel.,Augusta,Richmond,"Augusta, Ga.",1800,9999,Weekly,George F. Randolph,English
sn82014741,Columbian museum & Savannah advertiser.,Savannah,Chatham,Savannah [Ga.],1796,1819,Semiweekly,Powers & Seymour,English
sn89053732,Columbian museum and Savannah commercial advertiser.,Savannah,Chatham,"[Savannah, Ga.]",1810,1817,Triweekly,Edward Crow,English
sn82014740,Columbian museum and Savannah daily gazette.,Savannah,Chatham,"Savannah, Ga.",1817,1821,Daily (triweekly during summer months),"Kappel, Crow & Co.",English
sn91099117,The Columbus amateur.,Columbus,Muscogee,"Columbus, Ga.",1876,1899,Weekly,W.R. Slade & Co.,English
sn83016189,Columbus chronicle.,Columbus,Muscogee,"Columbus, Ga.",1895,1900,Weekly,J.T. Coleman,English
sn84024797,Columbus daily enquirer.,Columbus,Muscogee,"Columbus, Ga.",1874,1877,Daily (except Mon.),Salisbury & Co.,English
sn82015388,Columbus daily times.,Columbus,Muscogee,"Columbus, Ga.",1858,1864,Daily (except Sunday),R. Ellis & Co.,English
sn89053815,Columbus daily times.,Columbus,Muscogee,"Columbus, Ga.",1876,1885,Daily (except Mon.),"Wynne, DeWolf & Co.",English
sn84024795,The Columbus enquirer tri-weekly.,Columbus,Muscogee,"Columbus, Ga.",1855,1858,Triweekly,Thomas Ragland & Co.,English
sn84024799,Columbus enquirer-sun.,Columbus,Muscogee,"Columbus, Ga.",1886,1893,Daily (except Mon.),[s.n.,English
sn82014931,Columbus enquirer.,Columbus,Muscogee,"Columbus, Ga.",1828,1861,Weekly,Mirabeau B. Lamar,English
sn89053812,Columbus sentinel and herald.,Columbus,Muscogee,"Columbus, Ga.",1830,1841,Weekly,B.V. Iverson and J.B. Webb,English
sn91074159,Columbus sentinel.,Columbus,Muscogee,"Columbus, Ga.",1800,1839,Weekly,Wm. Cline and B.V. Iverson,English
sn82014935,The Columbus times.,Columbus,Muscogee,"Columbus, Ga.",1841,1859,Weekly,James Van Ness,English
sn86053047,Columbus times.,Columbus,Muscogee,"Columbus, Ga.",1864,1865,Daily (except Sunday),J.W. Warren & Co.,English
sn85034034,The Columbus weekly times.,Columbus,Muscogee,"Columbus, Ga.",1858,1865,Weekly,R. Ellis & Co.,English
sn89053824,The Commerce news.,Commerce,Jackson,"Commerce, Ga.",1000,9999,Weekly,Shannon & Hawkins,English
sn89053861,Common sense.,Odum,Wayne,"Odum, Ga.",1916,9999,Weekly,Common Sense Pub. Co.,English
sn85027109,The commonwealth.,Atlanta,Fulton,"Atlanta, Ga.",1861,1862,Daily,Commonwealth Pub. Co.,English
2025239515,Community enterprise.,Macon,Bibb,"Macon, Georgia",0,9999,Monthly,,English
sn85034083,The Confederate union.,Milledgeville,Baldwin,"Milledgeville, Ga.",1862,1865,Weekly,"Boughton, Nisbet & Barnes",English
sn89053750,The constitution.,Atlanta,Fulton,"Atlanta, Ga.",1884,1885,Weekly,[s.n.,English
sn90052017,Constitutionalist and republic.,Augusta,Richmond,"Augusta, Ga.",1851,1899,Triweekly,"James Gardner, Jr.",English
sn84025807,The constitutionalist.,Augusta,Richmond,"Augusta, Ga.",1823,1832,Semiweekly,W.J. Bunce,English
sn77641776,Contemporary art/southeast.,Atlanta,Fulton,"Atlanta, Ga.",1977,1980,Bimonthly,"Contemporary Art/Southeast, Inc.",English
sn89053742,Conyers courier.,Conyers,Rockdale,"Conyers, GA.",1876,1899,Weekly,Shaver & Scott,English
sn89053680,The Conyers examiner.,Conyers,Rockdale,"Conyers, GA.",1878,1999,Weekly,W.E. Harp,English
sn89053675,Conyers weekly-banner.,Conyers,Rockdale,"Conyers, GA.",1901,1907,Weekly,J.H. Wallis,English
sn89053670,The Conyers weekly.,Conyers,Rockdale,"Conyers, Ga.",1800,1888,Weekly,Hale & White,English
sn89053674,Conyers weekly.,Conyers,Rockdale,"Conyers, GA.",1895,1901,Weekly,J.B. Reese,English
2022239699,Cordele daily sentinel.,Cordele,Crisp,"Cordele, Ga.",1900,1920,Daily (except Sunday),,English
2022239691,The Cordele dispatch and daily sentinel.,Cordele,Crisp,"Cordele, Georgia",1920,1926,Daily (except Saturday),,English
2022239700,The Cordele dispatch.,Cordele,Crisp,"Cordele, Georgia",1926,1971,Daily (except Saturday),,English
sn89053138,The Cordele dispatch.,Cordele,Crisp,"Cordele, Ga.",1900,1971,Daily (except Sat. and Sun.),Max E. Land,English
sn89053092,The Cordele sentinel.,Cordele,Crisp,"Cordele, Ga.",1894,9999,Weekly,Bivins & Snow,English
sn86053050,The corner stone.,Columbus,Muscogee,"Columbus, Ga.",1853,1869,Weekly,James N. Bethune,English
sn89053113,The correspondent.,Knoxville,Crawford,"Roberta, Ga.",1892,1909,Weekly,[s.n.,English
sn86077124,The countryman.,Turnwold,Putnam,"Turnwold, Putnam County, Ga.",1862,1866,Weekly,[J.A. Turner,English
sn88054137,The Courant-American.,Cartersville,Bartow,"Cartersville, Ga.",1889,1901,Weekly,Freeham & Willingham,English
sn88054139,The Courant-American.,Cartersville,Bartow,"Cartersville, Ga.",1887,1888,Weekly,"Douglas Wikle, A.M. Willingham",English
sn89053242,The Courier-sentinel.,Ellijay,Gilmer,"Ellijay, GA.",1800,1999,Weekly,Hutchison & Everett,English
sn90052357,The Covington herald.,Covington,Newton,"Covington, Newton County, Ga.",1835,1899,Weekly,William B. Harrison,English
sn89053257,The Covington news.,Covington,Newton,"Covington, Ga.",1908,9999,Semiweekly,L.F. Flowers & Edwin Taylor,English
sn85027048,The Covington star.,Covington,Newton,"Covington, Ga.",1874,1902,Weekly,J.W. Anderson,English
sn89053112,The Crawford County correspondent.,Roberta,Crawford,"Roberta, Ga.",1892,1892,Weekly,James M. Richardson and W. Russell Branham,English
sn89053111,The Crawford County herald.,Knoxville,Crawford,"Knoxville, Crawford Co., Ga.",1890,1899,Weekly,W.J. McAfee,English
sn89053212,Crawfordville advocate.,Crawfordville,Taliaferro,"Crawfordville, Ga.",1890,1999,Weekly,C.L. Smith,English
sn89053090,Crawfordville democrat.,Crawfordville,Taliaferro,"Crawfordville, Ga.",1881,1893,Weekly,E. Young & Co.,English
sn90052121,The Crusader.,Savannah,Chatham,"Atlanta, Ga.",1963,9999,Biweekly,Chatham County Crusade for Voters,English
sn85034045,The Cuthbert appeal.,Cuthbert,Randolph,"Cuthbert, Ga.",1866,1884,Weekly,Christian & Sawtell,English
sn88054004,Cuthbert enterprise and appeal.,Cuthbert,Randolph,"Cuthbert, Ga.",1800,1888,Weekly,Stanford & Cooper,English
sn88054000,Cuthbert reporter.,Cuthbert,Randolph,"Cuthbert, Ga.",1856,9999,Weekly,Byrd & White,English
sn88054001,Cuthbert weekly appeal.,Cuthbert,Randolph,"Cuthbert, Ga.",1800,9999,Weekly,Sawtell & Jones,English
sn89053968,Dade County gazette.,Rising Fawn,Dade,"Rising Fawn, Dade County, Ga.",1878,1882,Weekly,J.A. Darr,English
sn89053985,Dade County news.,Trenton,Dade,"Trenton, Ga.",1888,1889,Weekly,Ben T. Brock,English
sn89053748,Dade County sentinel.,Trenton,Dade,"Trenton, Ga.",1901,1908,Weekly,W.A.D. O'Neal,English
sn89053747,The Dade County times.,Trenton,Dade,"Trenton, Ga.",1908,1965,Weekly,[s.n.,English
sn89053984,Dade County weekly times.,Rising Fawn,Dade,"Rising Fawn, Dade County, Ga.",1884,1888,Weekly,T.A.J. Majors,English
sn89053986,The Dade County weekly times.,Trenton,Dade,"Trenton, Ga.",1889,1889,,T.A.J. Majors,English
sn88061212,The Dahlonega nugget.,Dahlonega,Lumpkin,"Dahlonega, Ga.",1890,9999,Weekly,W.C. McNelley & S.H. Williams,English
sn89053248,The Dahlonega watchman.,Dahlonega,Lumpkin,"Dahlonega, Ga.",1840,1999,Weekly,M.H. Gathright & Co.,English
sn89053965,Daily advertiser-appeal.,Brunswick,Glynn,"Brunswick, Ga.",1880,1889,Daily (except Sunday),T.G. Stacy & Son,English
sn89053938,The Daily argus.,Dalton,Whitfield,"Dalton, Ga.",1909,9999,Daily,Argus Pub. Co.,English
sn89053738,Daily Atlanta intelligencer.,Atlanta,Fulton,"Atlanta, Ga.",1868,1871,Daily (except Sun.),[Jared Irwin Whitaker,English
sn89053378,The Daily banner-watchman.,Athens,Clarke,"Athens, Ga.",1886,1887,Daily,T.L. Gantt,English
sn90052359,The Daily bulletin.,LaGrange,Troup,"La Grange, Ga.",1862,1899,Daily (except Mon.),W.J. Slatter & Co.,English
sn82014371,The daily Chattanooga rebel.,Selma,Dallas,"Griffin, Ga.",1864,1865,Daily (except Sunday),Franc. M. Paul,English
sn82015215,Daily chronicle & sentinel.,Augusta,Richmond,"Augusta, Ga.",1837,1876,Daily (except Monday),J.W. & W.S. Jones,English
2022239670,Daily citizen-news,Dalton,Whitfield,"Dalton, Georgia",2017,2022,Four times a week (Saturday/Sunday issues combined),,English
2004233851,The daily citizen.,Dalton,Whitfield,"Dalton, GA",1999,2017,Daily,Daily Citizen,English
sn90052335,The daily citizen.,Macon,Bibb,"Macon, Ga.",1857,1857,Daily,L.F.W. Andrews,English
sn84024796,Daily Columbus enquirer.,Columbus,Muscogee,"Columbus, Ga.",1858,1873,Daily (except Monday),Thomas Ragland & Co.,English
sn85034100,Daily commercial.,Rome,Floyd,"Rome, Ga.",1865,1876,Daily,M.A. Nevin & Co.,English
sn90052066,The daily commonwealth.,Atlanta,Fulton,"Atlanta, Ga.",1860,1899,Daily,J.S. Peterson and Co.,English
sn85034437,The Daily constitutionalist and republic.,Augusta,Richmond,"Augusta, Ga.",1851,1859,Daily,"James Gardner, Jr.",English
sn87090234,The daily constitutionalist.,Augusta,Richmond,"Augusta, Ga.",1850,1875,Daily (except Monday),James Gardner,English
sn90052029,Daily constitutionalist.,Augusta,Richmond,"Augusta, Ga.",1846,1851,Daily,"James Gardner, Jr.",English
sn91099134,The daily dispatch.,Savannah,Chatham,"Savannah, GA.",1893,1899,Daily,Dispatch Pub. Co.,English
sn90052190,The Daily evening mirror.,Macon,Bibb,"Macon, Ga.",1866,1866,Daily (except Sun.),J.W. Burke & Co.,English
sn84025793,The Daily evening news.,Macon,Bibb,"Macon, Ga.",1865,1865,Daily (except Sun.),[s.n.,English
sn90052080,The daily gazette.,Barnesville,Lamar,"Barnesville, GA.",1880,1899,Daily,J.C. McMichael,English
sn90052336,The daily Georgia citizen.,Macon,Bibb,"Macon, Ga.",1859,1861,Daily,L.F.W. Andrews,English
sn83016088,The daily Georgian.,Savannah,Chatham,Savannah,1835,1847,Daily (except Sunday),W.H. Bulloch,English
sn82014304,The daily intelligencer.,Macon,Bibb,"Atlanta, Ga.",1858,1868,Daily (except Mon.),A.A. Gaulding & Co.,English
sn82015434,Daily journal and messenger.,Macon,Bibb,"Macon, Ga.",1867,1869,Daily,Rose & Burr,English
sn87060121,Daily journal and messenger.,Macon,Bibb,"Macon, Ga.",1800,1865,Daily,S. Rose & Co.,English
sn91099179,The Daily locomotive.,Atlanta,Fulton,"Atlanta, Ga.",1860,1899,Daily,John H. Seals,English
sn90052028,The Daily loyal Georgian.,Augusta,Richmond,"Augusta, Ga.",1867,1869,Daily,Loyal Georgian Pub. Association,English
sn82015886,Daily morning news.,Savannah,Chatham,"Savannah, Ga.",1850,1864,Daily (except Sunday),John M. Cooper,English
sn85034441,The daily new era.,Atlanta,Fulton,"Atlanta, Ga.",1865,1869,Daily (except Monday),Phillips & Prather,English
sn85026946,The Daily news and herald.,Savannah,Chatham,"Savannah, Ga.",1866,1868,Daily (except Sunday),S.W. Mason,English
sn89053694,The daily opinion.,Atlanta,Fulton,"Atlanta, Ga.",1867,1868,Daily (except Sun.),W.L. Scruggs & J.B. Dumble,English
sn82015884,Daily press.,Augusta,Richmond,"Augusta, Ga.",1866,1867,Daily (except Monday),E.H. Pughe,English
sn89053715,The daily press.,Atlanta,Fulton,"Atlanta, Ga.",1894,1999,Daily (except Sun.),Thomas E. Watson,English
sn82014915,The daily register.,Augusta,Richmond,"Augusta, Ga.",1864,1865,Daily,"Brown, Whitner & Co",English
sn82014392,Daily republican.,Savannah,Chatham,"Savannah, Ga.",1839,1840,Daily (except Sunday),Locke & Davis,English
sn87062328,Daily Savannah republican.,Savannah,Chatham,"Savannah, Ga.",1829,1839,Daily (except Sunday),F.S. Fell,English
sn89053175,Daily Southern herald.,Griffin,Spalding,"Griffin, Ga.",1866,1999,Daily (except Sun.),Martin & Eagan,English
sn89053695,Daily southern opinion.,Atlanta,Fulton,"Atlanta, Ga.",1860,1999,Daily (except Sun.),John M. Floyd & Co.,English
sn85038487,Daily southern recorder.,Milledgeville,Baldwin,"Milledgeville, Ga.",1859,1899,Daily,R.M. Orme & Son,English
sn82014939,The daily sun.,Columbus,Muscogee,"Columbus, Ga.",1855,1873,Daily (except Monday),Thomas De Wolf,English
sn89053319,Daily telegraph and messenger.,Macon,Bibb,"Macon, Ga.",1873,1873,Daily (except Sunday),"Clisby, Jones & Reese",English
sn89053685,The daily telegraph.,Savannah,Chatham,"Savannah, Ga.",1840,1840,Daily,C. Macardell,English
sn88054087,The Daily times-enterprise.,Thomasville,Thomas,"Thomasville, Ga.",1889,1925,Daily (except Mon.),John Triplett,English
sn90052397,The daily times.,Columbus,Muscogee,"Columbus, Ga.",1875,1876,Daily (except Mon.),J.B. Wright & Co.,English
sn82014215,The Daily tribune.,Rome,Floyd,"Rome, Ga.",1879,1999,Daily,F.J. Cohen.,English
sn90052014,Daily true democrat.,Augusta,Richmond,"Augusta, Ga.",1860,1899,Daily (except Mon.),"Kennickell, Taylor, Divine & Co.",English
sn84007268,The Dallas new era.,Dallas,Paulding,"Dallas, Paulding County, Ga.",1898,9999,Weekly,W.Z. Spinks,English
sn89053937,The Dalton argus.,Dalton,Whitfield,"Dalton, Ga.",1800,9999,Weekly,H.C. Hamilton,English
2026233607,Dalton daily citizen.,Dalton,Whitfield,"Dalton, GA",2022,9999,Four times a week,,English
2020233239,The Dalton enterprise.,Dalton,Whitfield,"Dalton, Ga.",1874,1877,Weekly,,English
sn89053317,The Danielsville monitor.,Danielsville,Madison,"Danielsville, Madison County, Ga.",1882,2005,Weekly,Moseley and McGowam,English
sn82015213,Darien gazette.,Darien,McIntosh,"Darien, Ga.",1818,1828,Weekly,McIntyre & Millen,English
sn85027066,Darien timber gazette.,Darien,McIntosh,"Darien, Ga.",1874,1893,Weekly,Richard W. Grubb,English
2023239335,Dawson County news.,Dawsonville,Dawson,"Dawsonville, Georgia",2015,9999,Weekly,,English
sn89053286,The Dawson journal.,Dawson,Terrell,"Dawson, Ga.",1866,1868,Weekly,E. & J.E. Christian,English
sn89053287,The Dawson journal.,Dawson,Terrell,"Dawson, Ga.",1878,1899,Weekly,J.D. Hoyl & Co.,English
sn89053283,The Dawson news.,Dawson,Terrell,"Dawson, Ga.",1889,9999,Weekly,E.I. Rainey,English
sn85027068,The Dawson weekly journal.,Dawson,Terrell,"Dawson, Terrell Co., Ga.",1866,1866,Weekly,E. & J.E. Christian,English
sn89053285,The Dawson weekly journal.,Dawson,Terrell,"Dawson, Ga.",1868,1878,Weekly,Perryman and Tucker,English
sn89053036,The Defender.,Fort Gaines,Clay,"Fort Gaines, GA.",1918,9999,Weekly,Emmett R. Shaw,English
sn91074174,The DeKalb news.,Decatur,DeKalb,"Decatur, Ga.",1876,1885,Weekly,T.C. Boykin,English
sn89053088,The democrat.,Crawfordville,Taliaferro,"Crawfordville, Ga.",1877,1881,Weekly,W.D. Sullivan,English
sn89053813,The Democrat.,Columbus,Muscogee,"Columbus, Ga.",1830,1899,Weekly,Cosam Emir Bartlett,English
sn89053835,Democratic platform.,Calhoun,Gordon,"Calhoun, Ga.",1850,1999,Weekly,W.V. Wester,English
sn88054062,The Demorest times.,Demorest,Habersham,"Demorest, Ga.",1890,1894,,Demorest Times Pub. Co.,English
sn89053663,The dispatch.,Ocilla,Irwin,"Ocilla, Irwin County, Ga.",1896,1899,Weekly,Henderson & Hanlon,English
sn89053056,The Dodge County journal.,Eastman,Dodge,"Eastman, Dodge County, Ga.",1882,1888,Weekly,R.S. Burton,English
sn91099133,The dollar news.,Savannah,Chatham,"Savannah, Ga.",1854,1899,Weekly,William T. Thompson,English
sn89053230,Donalsonville news.,Donalsonville,Seminole,"Donalsonville, Ga.",1916,9999,Weekly,Ellison Dunn,English
sn89053044,The Douglas breeze.,Douglas,Coffee,"Douglas, Coffee County, Ga.",1800,1909,Weekly,W.W. McDonald & W.W. Quincy,English
sn90052245,Douglas County news.,Douglasville,Douglas,"Douglasville, Ga.",1926,1999,Weekly (Thursdays),H.G. Hall,English
sn89053042,The Douglas enterprise.,Douglas,Coffee,"Douglas, Ga.",1905,9999,Weekly,Douglas Print. Co.,English
sn89053043,Douglas weekly breeze.,Douglas,Coffee,"Douglas, Ga.",1900,1905,Weekly,James M. Freeman & Daughter,English
2024239305,The Douglasville medium.,Douglasville,Douglas,Douglasville GA,1870,9999,,,English
sn90052270,The Dublin post.,Dublin,Laurens,"Dublin, Ga.",1878,1894,Weekly,R.L. Hicks [1878-1894],English
2023239319,Dunwoody reporter.,Dunwoody,DeKalb,"Sandy Springs, GA",2000,9999,Monthly,,English
sn90052120,DuPont Okefenokean.,DuPont,Clinch,"DuPont, Ga.",1870,1999,Weekly,J.P.A. DuPont,English
sn01211919,Burke's weekly for boys and girls.,Macon,Bibb,"Macon, Ga.",1867,1870,,J.W. Burke,English
sn85034007,Early County news.,Blakely,Early,"Blakely, Ga.",1859,9999,Weekly,E.H. Grouby,English
sn85034047,The Eastman times.,Eastman,Dodge,"Eastman, Dodge County, Ga.",1873,1888,Weekly,R.S. Burton,English
sn88054152,The Eatonton messenger.,Eatonton,Putnam,"Eatonton, Ga.",1800,9999,Weekly,J.B. Reese,English
sn90052114,Echols echo.,Statenville,Echols,"Statenville, Ga.",1915,1999,Weekly,Eugene Lund,English
sn89053934,The Elberton gazette.,Elberton,Elbert,"Elberton, Ga.",1866,1872,Weekly,C.W. Fenton,English
sn89053936,The Elberton star.,Elberton,Elbert,"Elberton, Ga.",1891,1981,Semiweekly,Star Pub. Co.,English
sn11847755,The Ellijay courier.,Ellijay,Gilmer,"Ellijay, Ga.",1000,1915,Weekly,[publisher not identified],English
sn85027055,The Ellijay courier.,,Fannin,"Ellijay, Ga.",1875,1899,Weekly,H.A. Lumsden,English
2008233489,The Ellijay times.,Ellijay,Gilmer,"Ellijay, Ga.",1000,1915,Weekly,[s.n.],English
sn89053492,The Emerson news.,Emerson,Bartow,"Emerson, Ga.",1897,1999,Weekly,Emerson Pub. Co.,English
sn91074127,The Empire State.,Griffin,Spalding,"Griffin, Ga.",1855,1899,Weekly,A.A. Gauldin,English
sn90052182,The enterprise-record.,Gibson,Glascock,"Gibson, Ga.",1892,1892,Weekly,K.J. Hawkins,English
sn88054093,The enterprise.,Thomasville,Thomas,"Thomasville, Ga.",1860,1865,Weekly,L.C. Bryan,English
sn89053082,The Enterprise.,Carnesville,Franklin,"Carnesville, GA.",1890,1999,Weekly,L.J. McConnell & G.S. Philps,English
sn89053256,The enterprise.,Covington,Newton,"Covington, Ga.",1905,9999,Weekly,Chas. G. Smith,English
sn90052237,The enterprise.,Pembroke,Bryan,"Pembroke, Bryan County, Ga.",1000,1999,Weekly,Jenkins Sims,English
gua1189460,Bulletin,Savannah,Chatham,"Monroe, Ga.",1958,1962,Fortnightly,Catholic Laymen's Association of Georgia,English
sn89053177,The evening call.,Griffin,Spalding,"Griffin, Ga.",1899,1999,Daily (except Sun.),S.B. & J.C. Sawtell,English
sn01255518,The evening herald.,Atlanta,Fulton,"Atlanta, Ga.",1800,9999,,,English
sn91099124,Evening journal.,Savannah,Chatham,"Savannah, Ga.",1871,1899,Daily,W.M. Sneed & Co.,English
2013233081,The evening mirror.,Savannah,Chatham,"Savannah, Ga.",1851,1899,Daily (except Sun.),,English
sn90052416,The evening post.,Brunswick,Glynn,"Brunswick, Ga.",1800,1899,Daily (except Sunday),Kent and Frost,English
sn82014199,The Evening sentinel.,Augusta,Richmond,"Augusta, Ga.",1878,1879,Daily (except Sun.),[Walsh & Wright,English
sn83026607,The Examiner.,Covington,Newton,"Covington, Ga.",1865,1870,Weekly,W.A. Harp,English
2016227608,The Excelsior news.,Excelsior,Bulloch,"Excelsior, Bulloch Co., Ga.",1877,1899,Weekly,,English
sn85034213,The Expositor.,Waynesboro,Burke,"Waynesboro, GA.",1870,1879,Weekly,James E. Frost,English
sn91099132,"The Fair expositor, or Savannah morning news, Jr.",Savannah,Chatham,"Savannah, GA.",1873,1899,,[s.n.],English
sn89053477,The Fairburn gazette.,,Campbell,"Fairburn, Ga.",1871,1871,,A.D. Starnes,English
sn89053475,The Fairburn sentinel.,,Campbell,"Fairburn, Ga.",1871,1872,Weekly,Sam'l J. Johnston,English
sn89053476,The Fairburn waif.,,Campbell,"Fairburn, Ga.",1872,1999,Weekly,Cantrell & Andrews,English
sn89053847,Fannin County gazette.,Mineral Bluff,Fannin,"Mineral Bluff, GA",1880,1999,Weekly,J.M. Hackney,English
2024239313,The farmer's friend : the official organ of the Burke County Alliance.,Waynesboro,Burke,"Waynesboro, GA.",1800,9999,Weekly,,English
sn89053860,The Farmers journal.,Homer,Banks,"Homer, Ga.",1888,1889,Weekly,Jno. Barton,English
2023239339,Fayette County news.,Fayetteville,Fayette,"Fayetteville, GA",2009,9999,Weekly,,English
2002233211,Fayette daily news.,Fayetteville,Fayette,"Fayetteville, Ga.",1997,2009,Daily (Tue.-Sat.),Fayette Newspapers,English
sn89053529,The Fayetteville chronicle.,Fayetteville,Fayette,"Fayetteville, Ga.",1886,1999,,Clark & Hill,English
sn88084163,The Fayetteville news.,Fayetteville,Fayette,"Fayetteville, Ga.",1800,9999,Weekly,News Pub. Co.,English
sn86053116,"Federal republican advocate, and commercial advertiser.",Savannah,Chatham,"Savannah, Ga.",1807,1809,Semiweekly,John Carmont & Co.,English
sn85038488,Federal union.,Milledgeville,Baldwin,"Milledgeville, Ga.",1865,1872,Weekly,"Boughton, Nisbet, Barnes & Moore",English
sn86053071,The federal union.,Milledgeville,Baldwin,"Milledgeville, Ga.",1830,1861,Weekly,John G. Polhill,English
sn89053962,The field and fireside.,Marietta,Cobb,"Marietta, Ga.",1877,1899,Weekly,J.G. Campbell & Co.,English
sn89053307,Fitzgerald enterprise.,Fitzgerald,Ben Hill,"Fitzgerald, Ga.",1895,1912,Triweekly,Nettie C. Hall,English
sn89053308,Fitzgerald leader enterprise and press.,Fitzgerald,Ben Hill,"Fitzgerald, Ben Hill County, Ga.",1921,1964,Weekly,Leader Pub. Co.,English
sn89053299,The Fitzgerald leader.,Fitzgerald,Ben Hill,"Fitzgerald, Irwin County, Ga.",1900,1912,Semiweekly,B.F. Knapp and J.G. Knapp,English
sn89053309,Fitzgerald leader.,Fitzgerald,Ben Hill,"Fitzgerald, Ga.",1921,1921,Daily (except Sun.),Leader Pub. Co.,English
sn85027025,Foreign correspondent & Georgia express.,Athens,Clarke,"Athens, Ga.",1809,1811,Weekly,Printed by Alexander M'Donnell,English
sn85027059,The forest news.,Jefferson,Jackson,"Jefferson, Jackson County, Ga.",1875,1881,Weekly,Jackson Co. Pub. Co.,English
sn89053528,The Forest Park free press and Clayton County news and farmer and the Forest Park news.,Forest Park,Clayton,"Forest Park, Ga.",1967,1969,Weekly,"Associated Georgia Newspapers, Inc.",English
sn89053527,The Forest Park free press and Clayton County news and farmer.,Forest Park,Clayton,"Forest Park, Ga.",1955,1967,Weekly,Jack Troy,English
sn89053525,The Forest Park news.,Forest Park,Clayton,Forest Park [Ga.],1900,1967,Weekly,"J.H. House, Jr.",English
2022203218,The Forest-blade.,Swainsboro,Emanuel,"Swainsboro, Ga.",1996,9999,Weekly,,English
sn88054076,The Forest-blade.,Swainsboro,Emanuel,"Swainsboro, Ga.",1903,1911,Weekly,S.J. Tyson and W.E. Boatwright,English
sn84007709,The Forsyth County news.,Cumming,Forsyth,"Cumming, Ga.",1900,9999,Twice weekly,J.B. Patterson,English
sn89053040,The Fort Gaines sentinel.,Fort Gaines,Clay,"Fort Gaines, Ga.",1895,1912,Weekly,Joshua Jones,English
sn89053038,The Fort Gaines tribune.,Fort Gaines,Clay,"Fort Gaines, Ga.",1870,9999,,S.E. Lewis,English
sn89053988,Fort Gordon rambler.,,Columbia,"Augusta, Ga.",1900,9999,Biweekly,Richmond County Times,English
sn89053644,The Fort Valley leader.,,Houston,"Fort Valley, Houston County, Ga.",1000,1999,Weekly,Leader Pub. Co.,English
sn85027052,The Fort Valley mirror.,Fort Valley,Peach,"Fort Valley, Ga.",1871,1889,Weekly,Wm. T. Christopher,English
sn85027031,Franklin County register.,Carnesville,Franklin,"Carnesville, Ga.",1875,1899,Weekly,J.T. Wilson,English
sn88061099,The free press.,Cartersville,Bartow,"Cartersville, Ga.",1878,1883,Weekly,C.H.C. Willingham,English
sn90052037,Free press.,Savannah,Chatham,"Savannah, Ga.",1876,1899,Daily (except Mon.),Press Pub. Co.,English
sn85034394,Freemen's standard.,Savannah,Chatham,"Savannah, Ga.",1868,1899,Daily,Freemen's Standard Pub. Co.,English
sn90052189,The Friend and monitor.,Washington,Wilkes,"Washington, Ga.",1815,1899,Weekly,John K.M. Charlton,English
sn89053686,A Friend of the family.,Savannah,Chatham,"Savannah, Ga.",1849,1999,Weekly,Edward J. Purse,English
sn90052012,The Future citizen.,Milledgeville,Baldwin,"Milledgeville, Ga.",1914,9999,Weekly,Georgia State Reformation,English
2025239510,GA voice.,Atlanta,Fulton,"Atlanta, GA",2010,9999,Monthly,,English
sn85034052,The Gainesville eagle.,Gainesville,Hall,"Gainesville, Ga.",1800,1947,Weekly,John E. Redwine,English
sn89053616,Gainesville news.,Gainesville,Hall,"Gainesville, Ga.",1902,1955,Weekly,A.S. Hardy,English
sn89053563,Gallaher's independent.,Quitman,Brooks,"Quitman, Ga.",1874,1875,Weekly,J.C. Gallaher,English
sn82015427,Gate-city guardian.,Atlanta,Fulton,"Atlanta, Ga.",1861,1861,Daily (except Sunday),Hanleiter & Adair,English
sn83016194,The Gazette and land bulletin.,Tampa,Hillsborough,Waycross ;,1896,1999,Weekly,Gazette Pub. Co.,English
sn82014932,The gazette.,Elberton,Elbert,"Elberton, Ga.",1872,1881,Weekly,J.T. McCarty,English
sn90052362,The Gazette.,Sandersville,Washington,"Sandersville, Ga.",1874,1999,Weekly,Ben H. Holt,English
sn88054125,Georgia & Carolina gazette.,Petersburg,Elbert,"Petersburg, Ga.",1805,1899,Weekly,Burke & McDonnell,English
sn86053070,Georgia Argus.,Milledgeville,Baldwin,"Milledgeville, Ga.",1808,1816,Weekly,Printed by Dennis L. Ryan,English
sn86053103,The Georgia banner & sentinel.,Newnan,Coweta,"Newnan, Ga.",1850,1899,Weekly,J.A. Welch,English
sn86053102,Georgia banner.,Newnan,Coweta,"Newnan, Ga.",1840,1859,Weekly,J.A. Welch,English
sn90052131,The Georgia Baptist.,Augusta,Richmond,"Augusta, GA.",1880,1999,Weekly,Georgia Baptist Pub. Co.,English
sn22193774,The Georgia bulletin,Atlanta,Fulton,Atlanta,1963,9999,,Archdiocese of Atlanta,English
sn90052337,Georgia Christian repertory.,Macon,Bibb,"Macon, Ga.",1831,1899,Weekly,G. Capers,English
sn89053059,Georgia citizen advertiser.,Macon,Bibb,"Macon, Ga.",1860,1999,Monthly,L.F.W. Andrews,English
sn83026608,The Georgia citizen.,Macon,Bibb,"Macon, Ga.",1850,1860,Weekly,L.F.W. Andrews,English
sn91074162,The Georgia citizen.,Macon,Bibb,"Macon, Ga.",1859,9999,Semiweekly,L.F.W. Andrews,English
sn85034187,The Georgia clipper.,Warrenton,Warren,"Warrenton, Ga.",1860,1875,Weekly,William R. Royal,English
sn01884505,The Georgia collegian.,Athens,Clarke,"Athens, Ga.",1870,9999,,Literary Societies of the University.,English
sn90052030,The Georgia constitutionalist.,Augusta,Richmond,"Augusta, Ga.",1832,1849,Weekly,P.C. Guieu,English
sn82015765,Georgia courier.,Augusta,Richmond,"Augusta, Ga.",1826,1837,Daily,Brantly & Clarke,English
sn90052343,The Georgia courier.,Albany,Dougherty,"Albany, Doughtry County, Ga.",1852,1899,Weekly,J.M. Gibbs,English
sn91074149,The Georgia courier.,Lumpkin,Stewart,"Lumpkin, Ga.",1800,9999,Weekly,R.T. & W.F. Castellaw,English
sn89053617,The Georgia cracker.,Gainesville,Hall,"Gainesville, GA.",1800,1902,Weekly,Ham & Blats,English
sn89053863,The Georgia crusader.,Atlanta,Fulton,"Atlanta, Ga.",1861,1861,Weekly,John H. Seals,English
sn84025808,The Georgia enterprise.,Covington,Newton,"Covington, Ga.",1865,1905,Weekly,Delaney and Anderson,English
sn86053126,The Georgia expositor.,Savannah,Chatham,"Savannah, Ga.",1875,1879,Weekly,Elias Yulee,English
sn88054105,Georgia express.,Athens,Clarke,"Athens, Ga.",1808,1809,Weekly,McDonnell & Gaines,English
sn88054107,Georgia express.,Athens,Clarke,"Athens, Ga.",1811,1813,Weekly,McDonnell & Gaines,English
sn89053588,The Georgia farmer.,Statesboro,Bulloch,"Statesboro, Ga.",1800,1999,Weekly,G.W. Williams,English
sn82016264,The Georgia gazette.,Savannah,Chatham,"Savannah, Ga.",1788,1802,Weekly,Printed by James Johnston,English
sn83016182,The Georgia gazette.,Savannah,Chatham,"Savannah, Ga.",1763,1776,Weekly,James Johnston,English
sn90052192,The Georgia grange.,Atlanta,Fulton,"Atlanta, Ga.",1800,1882,Weekly,Georgia Grange Pub. Co.,English
sn86053146,Georgia herald.,Thomaston,Upson,"Thomaston, Ga.",1869,1870,Weekly,Hall & Alexander,English
sn85027070,Georgia home journal.,Greensboro,Greene,"Greenesboro [i.e. Greensboro], Ga.",1873,1886,Weekly,J. Knowles,English
sn90052372,Georgia Jeffersonian and Griffin gazette.,Griffin,Spalding,"Griffin, Ga.",1800,1899,Weekly,Cline & Griffin,English
sn85027065,The Georgia Jeffersonian.,Griffin,Spalding,"Griffin, Ga.",1800,1899,Weekly,William Cline,English
sn85038491,Georgia journal and messenger.,Macon,Bibb,"Macon, Ga.",1847,1869,Weekly,S. Rose & Co.,English
sn82014251,The Georgia journal.,Milledgeville,Baldwin,"Milledgeville, Ga.",1809,1847,Weekly (semiweekly during sessions of the legislature),Seaton Grantland,English
sn86053119,The Georgia journal: and independent federal register.,Savannah,Chatham,"Savannah, Ga.",1793,1799,Semiweekly,Printed by James Carey,English
sn86077240,The Georgia literary and temperance crusader.,Atlanta,Fulton,"Atlanta, Ga.",1800,1861,Weekly,J.A. Reynolds,English
sn01529103,The Georgia major.,Atlanta,Fulton,"Atlanta, Ga",1883,9999,Weekly,,English
sn82014212,Georgia messenger.,Fort Hawkins,Bibb,"Ft. Hawkins, Ga.",1823,1847,Weekly,S. Rose & Robertson,English
sn89053160,The Georgia mirror.,Florence,Stewart,"Florence, Ga.",1838,1839,Weekly,Gardner & Barrow,English
sn86090949,"The Georgia pioneer, and retrenchment banner.",Cassville,Bartow,"Cassville, Ga.",1835,1849,Weekly,S.M. Hood & Co.,English
sn89049030,The Georgia pioneer.,Cassville,Bartow,"Cassville, GA.",1840,1845,Weekly,S.M. Hood & Co.,English
sn91099158,Georgia platform.,Calhoun,Gordon,"Calhoun, Ga.",1850,1899,Weekly,W.V. Webster,English
sn89053115,The Georgia post.,Knoxville,Crawford,"Knoxville, Crawford County, Ga.",1900,9999,Weekly,C.B.H. Moncrief,English
sn90052152,The Georgia record.,Atlanta,Fulton,"Atlanta, GA.",1899,1999,Weekly,Robert L. Rogers,English
sn89053371,The Georgia register.,Talbotton,Talbot,"Talbotton, Talbot County, Ga.",1877,1899,Weekly,J.B. Gorman,English
sn82014395,Georgia republican & state intelligencer.,Savannah,Chatham,"Savannah, Ga.",1802,1805,Semiweekly,Printed by Lyon & Morse,English
sn82014394,Georgia republican.,Savannah,Chatham,"Savannah, Ga.",1806,1807,Semiweekly,Everitt and McLean,English
sn84020084,"The Georgia state gazette, or, Independent register.",Augusta,Richmond,"Augusta, Ga.",1786,1789,Weekly,Printed by John E. Smith,English
sn82015108,Georgia statesman.,Milledgeville,Baldwin,"Milledgeville, Ga.",1825,1827,Weekly,Burritt & Meacham,English
sn86053162,Georgia telegraph.,Macon,Bibb,"Macon, Ga.",1832,1835,Weekly,C.E. & M. Bartlett,English
sn88084081,Georgia telegraph.,Macon,Bibb,"Macon, Ga.",1844,1858,Weekly,M. Bartlett,English
sn86077239,The Georgia temperance crusader.,Atlanta,Fulton,"Penfield, Ga.",1858,1899,Weekly,John H. Seals,English
sn86077123,Georgia times and state right's advocate.,Milledgeville,Baldwin,"Milledgeville, Ga.",1833,1834,Weekly (semiweekly during sessions of the legislature),Marmaduke J. Slade,English
2026233626,The Georgia volunteer.,Atlanta,Fulton,"Atlanta, Georgia",1974,9999,Bimonthly,,English
sn85034435,Georgia weekly constitutionalist.,Augusta,Richmond,"Augusta, Ga.",1840,1859,Weekly,James Gardner,English
sn89053693,Georgia weekly opinion.,Atlanta,Fulton,"Atlanta, Ga.",1867,1868,Weekly,W.L. Scruggs & J.B. Dumble,English
sn85034222,Georgia weekly telegraph and Georgia journal & messenger.,Macon,Bibb,"Macon, Ga.",1869,1880,Weekly,"Clisby, Reid & Reese",English
sn89053328,"Georgia weekly telegraph, journal & messenger.",Macon,Bibb,"Macon, Ga.",1880,1889,Weekly,Telegraph and Messenger Pub. Co.,English
sn82006857,The Georgia weekly.,Greenville,Meriwether,"Greenville, Ga.",1861,1869,Weekly,Peck & Lines,English
sn86053121,Georgian for the country.,Savannah,Chatham,"Savannah, Ga.",1820,1822,Triweekly,[s.n.],English
sn83016086,The Georgian.,Savannah,Chatham,"Savannah, Ga.",1818,1824,Daily (except Sunday),J.M. Harney,English
sn83016087,The Georgian.,Savannah,Chatham,"Savannah, Ga.",1829,1835,Daily (except Sun.; triweekly during the summer),Robertson & Bevan,English
sn90052183,The Gibson record.,Gibson,Glascock,"Gibson, Ga.",1891,1954,Weekly,K.J. Hawkins,English
2020233208,The Golden age.,,,"Atlanta, Ga.",1906,1915,Weekly,,English
sn89053232,The Grady County progress.,Cairo,Grady,"Cairo, Grady County, Ga.",1910,1999,Weekly,Progress Pub. Co.,English
sn89053165,The graphic.,LaGrange,Troup,"LaGrange, Troup County, Ga.",1880,1909,Weekly,O.G. Cox,English
sn89053697,The Great Kennesaw route gazette.,Atlanta,Fulton,"Atlanta, Ga.",1886,1886,Monthly,[s.n.],English
sn89053157,The Greenesboro weekly gazette.,Greensboro,Greene,"Greenesboro' [i.e. Greensboro], Ga.",1858,1858,Weekly,William M. Jefferson,English
sn85034053,The Greensboro herald.,Greensboro,Greene,"Greensboro, Ga.",1866,1886,Weekly,John K. Spence,English
sn89053183,The Griffin daily news and sun.,Griffin,Spalding,"Griffin, Ga.",1889,1924,Daily (except Sun.),Douglas Glessner,English
sn83009936,Griffin daily news.,Griffin,Spalding,"Griffin, Ga.",1924,9999,"Daily (except Jan. 1, July 4, Labor Day and Christmas Day)",[s.n.],English
sn89053182,The Griffin daily news.,Griffin,Spalding,"Griffin, Ga.",1881,1889,Daily (except Mon.),C.A. Niles,English
sn90052010,The Griffin news.,Griffin,Spalding,"Griffin, Ga.",1870,1876,Weekly,J.D. Alexander & E.P. Speer,English
sn89053176,Griffin semi-weekly star.,Griffin,Spalding,"Griffin, Ga.",1868,1879,Semiweekly,Speights & Bridges,English
sn85034287,Griffin tri-weekly star.,Griffin,Spalding,"Griffin, Ga.",1865,1868,Triweekly,"Logan, Fitch & Co.",English
sn89053186,The Griffin weekly news and sun.,Griffin,Spalding,"Griffin, Ga.",1889,1924,Weekly,Douglas Glessner,English
sn89053639,The Gwinnett herald.,,Gwinnett,"Lawrenceville, Ga.",1885,1897,Weekly,John T. Wilson,English
sn89053673,Hale's weekly.,Conyers,Rockdale,"Conyers, Ga.",1892,1895,Weekly,J.N. Hale,English
sn89053105,"The Hamilton journal, published semi-weekly.",Hamilton,Harris,"Hamilton, Ga.",1885,1887,Semiweekly,Joseph L. Dennis,English
sn85027058,Hamilton journal.,Hamilton,Harris,"Hamilton, Harris Co., Ga.",1876,1885,Semiweekly,La Hatte & Granberry,English
sn89053106,The Hamilton journal.,Hamilton,Harris,"Hamilton, Ga.",1887,1887,Weekly,Joseph L. Dennis,English
sn89053108,The Hamilton journal.,Hamilton,Harris,"Hamilton, Ga.",1889,1920,Weekly,Joseph L. Dennis,English
sn89053104,Hamilton visitor.,Hamilton,Harris,"Hamilton, Harris Co., Ga.",1874,1875,Weekly,D.W.D. Boully,English
sn85034069,The Hamilton weekly visitor.,Hamilton,Harris,"Hamilton, Harris Co., Ga.",1873,1874,Weekly,D.W.D. Boully,English
2019233473,Hancock weekly journal.,Sparta,Hancock,"Sparta, Hancock County, Ga.",1868,9999,Weekly,,English
sn89053999,Haralson banner.,Buchanan,Haralson,"Buchanan, Ga.",1884,1891,Weekly,A.B. Fitts,English
sn89053862,The Harmony Grove echo.,Commerce,Jackson,"Harmony Grove, Ga. [Commerce, Ga.]",1893,1897,Weekly,Echo Print. Co.,English
sn86063031,Harris County enterprise.,Hamilton,Harris,"Hamilton, Harris County, Ga.",1860,1865,Weekly,Jas. H. Moorefield,English
sn89053109,Harris County journal.,Hamilton,Harris,"Hamilton, Harris County, Ga.",1920,9999,Weekly,J.C. Moulton,English
sn89053068,The Hartwell sun.,Hartwell,Hart,"Hartwell, GA.",1879,9999,Weekly,Benson & McGill,English
sn85034070,The Hawkinsville dispatch.,Hawkinsville,Pulaski,"Hawkinsville, Ga.",1866,1889,Weekly,Paxton & Laidler,English
sn90052001,Hazlehurst news.,Hazlehurst,Jeff Davis,"Hazlehurst, Jeff Davis County, Ga.",1900,1999,Weekly,S.A. Fackler,English
sn89053070,The headlight.,Gray,Jones,"Gray, Ga.",1889,1999,Weekly,T.R. Penn,English
2025239493,The Heard County citizen.,Franklin,Heard,"Franklin, Ga.",1900,9999,Weekly,,English
sn89053247,Henry County weekly and Henry County times.,McDonough,Henry,"McDonough, GA.",1891,1899,Weekly,Fouche & Johnson,English
sn89053243,The Henry County weekly.,Hampton,Henry,"Hampton, Ga.",1876,1891,Weekly,R.T. Harper & Co.,English
sn89053246,The Henry County weekly.,McDonough,Henry,"McDonough, GA.",1800,1934,Weekly,J.A. Fouche,English
sn89053456,The herald and advertiser.,Newnan,Coweta,"Newnan, Ga.",1887,1909,Weekly,Newnan Pub. Co.,English
sn89053224,The Herald-gazette.,Barnesville,Lamar,"Barnesville, Ga.",1981,9999,Weekly,News Corp.,English
sn89053164,Herald-journal.,Greensboro,Greene,"Greenesboro [i.e. Greensboro], Ga.",1889,9999,Weekly,W. Addison Knowles,English
sn89077295,The herald.,Savannah,Chatham,"Savannah, Ga.",1945,1997,Weekly,Herald of Savannah,English
sn90052421,The herald.,Waynesboro,Burke,"Waynesboro, Burke County, Ga.",1870,1899,Weekly,R.O. Lovett and E.L. Brinson,English
sn24094799,Southern Baptist messenger.,Covington,Newton,"Covington, Ga.",1851,1862,,[publisher not identified],English
sn22185748,Southern cross.,Savannah,Chatham,"Savannah, Ga.",1963,2021,Weekly (except the last week in July and the last week in Dec.),Southern Cross,English
sn55181584,Hexagon,Elberton,Elbert,"Elberton, Georgia",1900,9999,Monthly,,English
sn85054333,The Hickory nut and Upson vigil.,Thomaston,Upson,"Thomaston, Ga.",1833,1834,Weekly,[s.n.],English
sn89053512,The High Shoals messenger.,High Shoals,Oconee,"High Shoals, Ga.",1897,1999,Weekly,Ed. N. Center,English
sn85034077,Hinesville gazette.,Hinesville,Liberty,"Hinesville, Ga.",1871,1893,Weekly,S.D. Bradwell,English
sn89053611,The Home journal.,Perry,Houston,"Perry, GA.",1877,1889,Weekly,Edwin Martin,English
sn89053613,The Home journal.,Perry,Houston,"Perry, Houston County, GA.",1901,1924,Weekly,John H. Hodges,English
2026233599,The hornet.,Hapeville,Fulton,"Hapeville, Georgia",1900,1999,Tri-weekly,,English
2020233201,Houston daily journal.,Perry,Houston,"Perry, GA",2006,9999,Tuesday through Saturday,,English
2020233204,Houston home journal.,Perry,Houston,"Perry, GA",2007,9999,Semiweekly,,English
sn85034093,The Houston home journal.,Perry,Houston,"Perry, Ga.",1870,1877,Weekly,J.T. Waterman,English
sn89053612,The Houston home journal.,Perry,Houston,"Perry, Houston County, Ga.",1890,1900,Weekly,John H. Hodges,English
sn89053614,Houston home journal.,Perry,Houston,"Perry, Houston County, Ga.",1924,1994,Weekly,John L. Hodges,English
sn99000076,Houston home journal.,Perry,Houston,"Perry, Ga.",1999,2006,Weekly,Houston Publications,English
sn94002550,Houston times-journal.,Perry,Houston,"Perry, Ga.",1994,1999,Semiweekly,Houston Publications,English
sn89054007,The Hustler of Rome.,Rome,Floyd,"Rome, Ga.",1891,1898,Daily (except Sat.),Phil G. Byrd,English
2016233538,The ice berg.,Winterville,Clarke,"Winterville, Ga.",1897,1999,Weekly,,English
sn86053104,The Independent blade.,Newnan,Coweta,"Newnan, Ga.",1855,1899,Weekly,T.W. Bolton,English
sn82014832,The Independent press.,Washington,Wilkes,"Washington, Ga.",1840,1999,,S. Fouche,English
sn98063007,The independent press.,Eatonton,Putnam,Eatonton [Ga.],1854,9999,Weekly,J.A. Turner,English
sn85038495,The Independent South.,Waynesboro,Burke,"Waynesboro, Ga.",1860,1869,Weekly,"Blount, Ashton & Corker",English
sn88054025,The independent South.,Forsyth,Monroe,"Griffin, Ga.",1850,9999,,A.P. Burr,English
sn89053564,The independent.,Quitman,Brooks,"Quitman, Ga.",1873,1874,Weekly,J.C. Gallaher,English
sn90052119,The Industrial banner.,DuPont,Clinch,"DuPont, GA.",1892,1999,Weekly,Banner Pub. Co.,English
sn19730045,Inside Morehouse.,Atlanta,Fulton,"[Atlanta, Georgia]",2008,9999,During the academic year,,English
sn89053486,The Irwin County news.,Sycamore,Irwin,"Sycamore, Irwin County, Ga.",1890,1999,Weekly,Jas. T. Maund,English
sn96069010,Irwinton bulletin.,Irwinton,Wilkinson,"Irwinton, Wilkinson County, Ga.",1894,1911,Weekly,J.F. Williams,English
sn90052427,The Islander.,St. Simons Island,Glynn,"St. Simons Island, Ga.",1972,9999,Weekly (except Christmas week),Bradmar Pub.,English
sn89053021,The Jackson argus.,Jackson,Butts,"Jackson, Ga.",1890,1915,Weekly,N.J. Harmon & J.G. McDonald,English
sn89053006,The Jackson economist.,Winder,Barrow,"Winder, Ga.",1800,1999,Weekly,M.D. Irwin,English
sn89053140,Jackson herald.,Jefferson,Jackson,"Jefferson, Jackson County, Ga.",1881,9999,Weekly,Robert S. Howard,English
sn89053015,The Jackson news.,Jackson,Butts,"Jackson, Ga.",1881,9999,Weekly,W.F. Harp,English
sn89053022,The Jackson progress-argus.,Jackson,Butts,"Jackson, Ga.",1915,9999,Weekly,J. Doyle Jones,English
sn89053016,The Jackson record.,Jackson,Butts,"Jackson, Butts County, Ga.",1800,1907,Weekly,[s.n.],English
sn89053017,The Jacksonian.,Jackson,Butts,"Jackson, Ga.",1907,1907,Weekly,S.E. Andrews,English
sn89053223,Jasper news.,Jasper,Pickens,"Jasper, Ga.",1885,9999,Weekly,Rhyne Bros.,English
sn90052176,Jefferson County banner.,Wadley,Jefferson,"Wadley, Jefferson County, Ga.",1890,1999,Weekly,Geo. W. Kelly,English
sn85034080,The Jefferson news & farmer.,Louisville,Jefferson,"Louisville, Jefferson County, Ga.",1871,1875,Weekly,Harrison & Roberts,English
sn82014546,The Jeffersonian.,Atlanta,Fulton,"Atlanta, Ga.",1907,1917,Weekly,[Jeffersonian Pub. Co.],English
2023239313,The Jenkins County times.,Millen,Jenkins,"Millen, Ga.",2023,9999,Weekly,,English
sn89053980,The Jesup Georgian.,Jesup,Wayne,"Jesup, Ga.",1800,1899,Weekly,"Haines & Carter, Prop'rs.",English
sn87073057,The Jesup sentinel.,Jesup,Wayne,"Jesup, Ga.",1876,1999,Weekly,Daniel & Lester,English
sn36066993,The Jewish alliance.,Savannah,Chatham,"Savannah, Ga.",1945,1949,"Monthly (except June, July, Aug.)","Jewish Educational Alliance of Savannah, Ga.",English
sn91074168,The Jewish tribune.,Atlanta,Fulton,"Atlanta, Ga.",1890,1999,,[s.n.],English
sn89053069,Jones County headlight.,Gray,Jones,"Gray's Station, Ga.",1887,1889,Weekly,T.R. Penn,English
sn89053071,The Jones County news.,Gray,Jones,"Gray, Jones County, GA.",1895,9999,Weekly,M.C. Greene,English
sn89053107,The journal.,Hamilton,Harris,"Hamilton, Ga.",1887,1889,Weekly,Joseph L. Dennis,English
sn01390033,The Kaleidoscope.,Atlanta,Fulton,"Atlanta, Ga",1882,1899,Monthly,,English
2026233598,The Kennesaw beacon.,Kennesaw,Cobb,"Kennesaw, Ga.",1968,9999,Weekly,,English
sn89053698,The Kennesaw gazette.,Atlanta,Fulton,"Atlanta, Ga.",1886,1899,Bimonthly,Record Pub. Co.,English
sn79002835,The Kennesaw neighbor.,Kennesaw,Cobb,"Marietta, Ga.",1900,9999,Weekly,"Neighbor Newspapers, Inc.",English
2020233306,The Kennesaw route gazette.,Atlanta,Fulton,"Atlanta, Ga",1882,1899,Monthly,,English
sn31718747,The Kernel.,Cochran,Bleckley,"Cochran, Ga.",1930,9999,Three issues quarterly,"Student Publications Committee, Middle Georgia College",English
sn96087391,Kind words for the Sunday school children.,Macon,Bibb,"Macon, Georgia",1872,1886,Weekly,,English
sn89053497,The Kingston times.,Kingston,Bartow,"Kingston, Ga.",1900,1999,,[s.n.],English
sn96069003,The Knoxville journal.,Knoxville,Crawford,"Knoxville, Ga.",1888,1899,Weekly,P.V. Howell,English
sn82014930,La Grange herald.,LaGrange,Troup,"La Grange, Ga.",1843,1845,Weekly,B.E. Benton,English
sn82015287,The La Grange reporter.,LaGrange,Troup,"La Grange, Ga.",1840,1939,Weekly,C.H.C. Willingham,English
sn32943505,The labor herald,Savannah,Chatham,"Savannah, Ga.",1000,1999,Weekly,Trades and Labor Assembly.,English
2025239495,Lake Oconee news.,Greensboro,Greene,"Greensboro, GA",1990,9999,Weekly,,English
sn89053821,Landmark banner & Cherokee Baptist.,Atlanta,Fulton,"Rome, Ga.",1859,1869,Weekly,J.M. Wood,English
sn89053504,The Lanier County news.,Milltown,Berrien,"Milltown, Berrien County [i.e. Lakeland], Ga.",1920,9999,Weekly,W.L. Miller,English
2020233233,The Lawrenceville News,Lawrenceville,Gwinnett,"Lawrenceville, Georgia",1800,9999,Weekly,,English
sn89053638,The Lawrenceville news.,,Gwinnett,"Lawrenceville, Ga.",1893,1897,Weekly,Lawrenceville Pub. Co.,English
sn90052074,The Leader Fort Valley.,,Houston,"Fort Valley, Ga.",1889,1999,Weekly,T.V. Fagan,English
sn89053305,The Leader-enterprise and Fitzgerald press.,Fitzgerald,Ben Hill,"Fitzgerald, Ben Hill County, Ga.",1915,1915,Triweekly,Leader Pub. Co.,English
sn85038489,The leader-enterprise.,Fitzgerald,Ben Hill,"Fitzgerald, Ga.",1912,1915,Triweekly,Leader Pub. Co.,English
sn89053645,The Leader-tribune and peachland journal.,,Houston,"Fort Valley, Houston County, Ga.",1900,1929,Weekly,Leader-Tribune Co.,English
sn84007013,The leader-tribune.,Fort Valley,Peach,"Fort Valley, Peach County, Ga.",1920,9999,Weekly,Peach Pub. Co.,English
sn89053337,The Lee County journal.,Leesburg,Lee,"Leesburg, Ga.",1904,1999,Weekly,Alfred Z. Wesley and M.E. Tison,English
sn88054072,The Lee County ledger.,Leesburg,Lee,"Leesburg, Ga.",1978,9999,Weekly,"Edward F. McMinn, Jr.",English
sn90052154,The Lincoln home journal.,Lincolnton,Lincoln,"Lincolnton, GA.",1890,1999,Weekly,Jas. H. Boykin,English
sn90052031,The Lincolnton news.,Lincolnton,Lincoln,"Lincolnton, Ga.",1882,1999,Weekly,[s.n.],English
sn89053518,The Lithonia new era.,Lithonia,DeKalb,"Lithonia, Ga.",1880,1999,Weekly,E.S. Steadman,English
sn89053719,The Living issues.,Atlanta,Fulton,"Atlanta, Ga.",1892,1899,Weekly,M.D. Irwin,English
sn89053510,The looking glass.,Atlanta,Fulton,"Atlanta, Ga.",1894,9999,Weekly,Looking Glass Pub. Co.,English
sn86053063,The Louisville gazette and republican trumpet.,Louisville,Jefferson,"Louisville, Ga.",1800,1809,Weekly,Ambrose Day & James Hely,English
sn86053066,The Louisville gazette.,Louisville,Jefferson,"Louisville, Ga.",1860,1861,Weekly,T.N. Polhill,English
sn89053943,The Louisville gazette.,Louisville,Jefferson,"Louisville, Ga.",1799,1800,Weekly,Ambrose Day,English
sn82016224,The loyal Georgian.,Augusta,Richmond,"Augusta, Ga.",1866,1867,Weekly,Georgia Equal Rights Pub. Assn.,English
sn89053288,The Ludowici news.,Ludowici,Long,"Ludowici, Ga.",1922,9999,Weekly,Estelle Martin Rimes,English
sn89053484,The Lumpkin independent.,Lumpkin,Stewart,"Lumpkin, Ga.",1872,1924,Weekly,Benjamin W. Key,English
2020233231,The Lumpkin palladium.,Lumpkin,Stewart,"Lumpkin, Georgia",1860,9999,,,English
sn89053334,The Lyons progress.,Lyons,Toombs,"Lyons, Ga.",1900,1991,Weekly,L.W. Moore,English
sn89053327,The Macon advertiser and agricultural and mercantile intelligencer.,Macon,Bibb,"Macon, Ga.",1831,1832,Triweekly (weekly in summer),Marmaduke J. Slade,English
sn82016265,The Macon advertiser.,Macon,Bibb,"Macon, Ga.",1832,1832,Triweekly (weekly in summer),M.J. Slade,English
sn82014213,The Macon daily confederate.,Macon,Bibb,"Macon, Ga.",1863,1864,Daily,H.L. Flash,English
sn85034220,Macon daily enterprise.,Macon,Bibb,"Macon, Ga.",1872,1873,Daily (except Sunday),"Lines, Wing & Smith",English
sn84031414,Macon daily journal and messenger.,Macon,Bibb,"Macon, Ga.",1865,1869,Daily,S. Rose & Co.,English
sn82016437,The Macon daily telegraph.,Macon,Bibb,"Macon, Ga.",1860,1864,Daily,J. Clisby,English
sn84025794,The Macon daily telegraph.,Macon,Bibb,"Macon, Ga.",1865,1869,Daily (except Monday),Clayland and Dumble,English
sn89053321,Macon daily telegraph.,Macon,Bibb,"Macon, Ga.",1905,1926,Daily,Macon Telegraph Pub. Co.,English
sn86053163,Macon Georgia telegraph.,Macon,Bibb,"Macon, Ga.",1836,1844,Weekly,M. & E.E. Bartlett,English
sn82015433,The Macon news.,Macon,Bibb,"Macon, Ga.",1890,1930,Daily,News Pub. Co.,English
sn83016188,The Macon sentinel.,Macon,Bibb,"Macon, Ga.",1899,1999,Weekly,Sentinel Pub. Co.,English
sn85038493,The Macon telegraph and messenger.,Macon,Bibb,"Macon, Ga.",1873,1889,Daily (except Mon.),"Clisby, Jones & Reese",English
sn82014386,Macon telegraph.,Macon,Bibb,"Macon, Ga.",1826,1832,Weekly,Myron Bartlett,English
sn89053320,The Macon telegraph.,Macon,Bibb,"Macon, Ga.",1880,1905,Daily,Telegraph and Messenger Pub. Co.,English
sn92061762,Macon tri-weekly telegraph.,Macon,Bibb,"[Macon, Ga.]",1800,1899,Triweekly,Joseph Clisby,English
sn91074158,The Madison County journal.,Jefferson,Jackson,"Hull, Ga.",1989,9999,Weekly,Frank Gillespie Enterprises,English
sn82014387,The Madison family visitor.,Madison,Morgan,"Madison, Ga.",1847,1864,Weekly,C.L. Wheler & Co.,English
sn86053096,Madison home journal.,Madison,Morgan,"Madison, Ga.",1871,1879,Weekly,H.C. Billings,English
sn81298011,Spelman reflections.,Atlanta,Fulton,"[Atlanta, Georgia]",1956,1959,,,English
sn82015431,Marietta advocate.,Marietta,Cobb,"Marietta, Ga.",1843,1899,Weekly,[s.n.],English
2020233248,The Marietta Helicon.,Marietta,Cobb,"Marietta, Georgia",1800,9999,Weekly,,English
sn89053964,The Marietta journal and courier.,Marietta,Cobb,"Marietta, Ga.",1909,1918,Weekly,Marietta Pub. Co.,English
sn85034082,The Marietta journal.,Marietta,Cobb,"Marietta, Ga.",1866,1909,Weekly,R.M. Goodman & Co.,English
sn89053963,The Marietta journal.,Marietta,Cobb,"Marietta, Ga.",1918,1944,Daily (except Saturday and Sunday),Marietta Pub. Co.,English
2019233516,The Marietta semi-weekly advocate.,Marietta,Cobb,"Marietta, Georgia",1861,9999,Semiweekly,,English
sn49809884,The Maroon tiger.,Atlanta,Fulton,"Morehouse College, Atlanta, Georgia",1900,9999,Irregular,,English
sn12070088,The Maroon.,Atlanta,Fulton,"Atlanta, GA",1996,9999,Seven times during the academic year,,English
sn90052217,The McDuffie progress.,Thomson,McDuffie,"Thomson, Ga.",1901,9999,Semiweekly,M.W. Gross,English
sn85034185,McDuffie weekly journal.,Thomson,McDuffie,"Thomson, McDuffie County, Ga.",1871,1909,Weekly,Roney & White,English
sn82014940,"The McIntosh County herald, and Darien commercial register.",Darien,McIntosh,"Darien, Ga.",1839,1840,Weekly,H. Styles Bell,English
sn91046080,The Mercer Cluster.,Macon,Bibb,"Macon, Ga.",1920,9999,,Mercer University,English
sn89053291,The Mercury.,Sandersville,Washington,"Sandersville, Ga.",1880,1999,Weekly,Jernigan & Scarborough,English
sn85034066,The Meriwether County vindicator.,Greenville,Meriwether,"Greenville, Meriwether County, Ga.",1872,1885,Weekly,Wm. T. Revill,English
sn89053325,The messenger.,Fort Hawkins,Bibb,"Fort Hawkins, Ga.",1823,1823,Weekly,M. Robertson,English
sn90052347,The Methodist advocate.,Atlanta,Fulton,"Atlanta, Ga.",1869,9999,Weekly,Hitchcock & Walden,English
sn89053045,Metter advertiser.,Metter,Candler,"Metter, Ga.",1990,9999,Weekly,Virginia B. Snell,English
2008233685,Mexico lindo.,Gainesville,Hall,"Gainesville, GA",1990,9999,Weekly,[s.n.],English
sn89053020,The Middle Georgia argus.,Indian Springs,Butts,"Indian Springs, Ga.",1800,1893,Weekly,Smith & Smith,English
sn90052162,Middle Georgia times.,Thomaston,Upson,"Thomaston, Ga.",1879,1886,Weekly,T.A. Chappell,English
sn89053180,The Middle Georgian.,Griffin,Spalding,"Griffin, Ga.",1860,1872,Semiweekly,Seneca B. Burr,English
sn90052069,The Middle Georgian.,Jeffersonville,Twiggs,"Jeffersonville, Ga.",1925,9999,Weekly,R.E. White,English
2024239314,The Midville news.,Midville,Burke,"Midville, GA.",1900,9999,Weekly,,English
sn83026609,Milledgeville intelligencer.,Milledgeville,Baldwin,"[Milledgeville, Ga.]",1806,1816,Weekly,A. McMillan,English
sn89053569,The Milledgeville news.,Milledgeville,Baldwin,"Milledgeville, Ga.",1901,1999,Weekly,J.C. McAuliffe,English
sn89053843,The Millen news.,Millen,Jenkins,"Millen, Jenkins County, Ga.",1903,9999,Weekly,Millen Pub. Co.,English
sn90052437,The Miller County liberal.,Colquitt,Miller,"Colquitt, Ga.",1897,9999,Weekly,Joseph and Zola B. Toole,English
2019233476,Miners recorder and spy in the west.,Auraria,Lumpkin,"Auraria, Lumpkin County, Georgia",1800,9999,Weekly,,English
sn86053002,Mirror of the times.,Augusta,Richmond,Augusta [Ga.],1808,1814,Weekly,Printed by Daniel Starnes & Co.,English
2026233617,The mirror.,Augusta,Richmond,"Augusta, Ga.",1969,9999,Weekly,,English
sn89053161,The mirror.,Florence,Stewart,"Florence, Ga.",1839,1840,Weekly,Gardner & Barrow,English
sn89053279,The missionary.,Mount Zion,Hancock,"Mt. Zion, Hancock County, Ga.",1819,1829,Weekly,Jacob P. Norton,English
sn83020902,The monitor.,Washington,Wilkes,"Washington, Ga.",1800,1815,Weekly,S. Hillhouse,English
2020233235,The monochord.,Macon,Bibb,"Macon, Ga.",1880,9999,Monthly during the collegiate year (nine issues),,English
sn85034048,The Monroe advertiser.,Forsyth,Monroe,"Forsyth, Ga.",1856,1974,Weekly,George A. King & Co.,English
sn91074171,The Monroe advocate.,Monroe,Walton,"Monroe, Ga.",1871,1879,Weekly,L. & J.C. Harper,English
sn89053682,The Monroe County reporter.,Forsyth,Monroe,"Forsyth, Ga.",1972,9999,Weekly,[s.n.],English
2025239511,The Monroe County/Macon reporter.,Forsyth,Monroe,"Forsyth, GA",2023,9999,Weekly,,English
sn89053231,The Montgomery monitor.,Mt. Vernon,Montgomery,"Mt. Vernon, Montgomery County, Ga.",1886,9999,Weekly,D.C. Sutton,English
sn90052025,Monthly herald.,Augusta,Richmond,Augusta [Ga.],1800,1899,Monthly,Randolph & Bunce,English
sn89053277,The Monticello news.,Monticello,Jasper,"Monticello, Ga.",1903,9999,Weekly,Mrs. A.P. Penn,English
sn89053952,The Morgan monitor.,Morgan,Calhoun,"Morgan, Ga.",1896,9999,Weekly,Monitor Pub. Co.,English
sn90052058,Morganton news.,Morganton,Fannin,"Morganton, Ga.",1891,1999,Weekly,Morganton News Co.,English
sn89053178,The morning call.,Griffin,Spalding,"Griffin, Ga.",1800,1899,Daily (except Mon.),J.P. & S.B. Sawtell,English
sn82015880,The morning chronicle.,Savannah,Chatham,"Savannah, Ga.",1817,1819,Daily (triweekly in summer),Samuel Ker [1817-1819],English
sn86063034,The morning news.,Savannah,Chatham,"Savannah, Ga.",1887,1900,Daily,J.H. Estill,English
2020233309,Motive.,Atlanta,Fulton,"Atlanta, Ga",1890,9999,Weekly,,English
sn89053651,The Moultrie observer.,Moultrie,Colquitt,"Moultrie, GA.",1894,1937,Weekly,W.H. Cooper,English
sn82014934,The Mountain signal.,Dahlonega,Lumpkin,"Dahlonega, Ga.",1839,1876,Weekly,James R. Lawhon & Jacob R. Davis,English
sn90052179,Mundo Hispánico.,Atlanta,Fulton,"Atlanta, Ga.",1979,9999,Biweekly,Carola C. Reuben,English
sn89053489,Murray County gazette.,Spring Place,Murray,"Spring Place, Ga.",1870,1999,Weekly,H.C. Holcomb,English
sn89053500,The Murray news.,Spring Place,Murray,"Spring Place, Ga.",1896,1999,Weekly,C.L. Henry,English
sn85034030,"Muscogee democrat, and Mercantile advertiser.",Columbus,Muscogee,"Columbus, Ga.",1844,1849,Weekly,Andrews & Griswold,English
sn90052356,Muscogee democrat.,Columbus,Muscogee,"Columbus, Ga.",1840,1899,Weekly,Andrews & Griswald,English
sn01189580,The Mystic owls.,Atlanta,Fulton,"Atlanta, Ga",1880,9999,,,English
2015233625,Woman's work.,Athens,Clarke,"Athens, Georgia",1887,1999,Monthly,,English
sn89053101,The Nahunta banner.,Nahunta,Brantley,"Nahunta, Brantley County, Ga.",1900,1925,Weekly,J.N. Atkinson,English
sn90052374,National American.,Atlanta,Fulton,"Atlanta, Ga.",1800,1861,Daily,C.R. Hanleiter,English
sn82015882,The National Republican.,Augusta,Richmond,"Augusta, Ga.",1867,1868,Daily (except Mon.),Georgia Print. Co.,English
sn89053085,New era.,Dallas,Paulding,"Dallas, Ga.",1890,1898,Weekly,W.Z. Spinks,English
sn89053333,The new era.,Jeffersonville,Twiggs,"Jeffersonville, Ga.",1929,1929,Weekly,J.S. Abercrombie,English
2019233509,The New South.,Douglasville,Douglas,"Douglasville, Georgia",0,9999,,,English
sn81304580,The new Spelman spotlight.,Atlanta,Fulton,"Atlanta , Georgia",1980,1980,Bimonthly,,English
sn35051584,The new Western railway guide,Atlanta,Fulton,"Atlanta, Ga.",1880,1999,Monthly,R.W. Williams.,English
sn89053721,New working world.,Atlanta,Fulton,"Atlanta, Ga.",1880,1999,,Working World Pub. Co.,English
sn89053457,Newnan herald & advertiser.,Newnan,Coweta,"Newnan, Ga.",1909,1915,Weekly,Brown & Parrott,English
sn85034085,The Newnan herald.,Newnan,Coweta,"Newnan, Ga.",1865,1887,Weekly,"J.S. Bigby and J.C. Wootten, 1865-1887.",English
sn89053461,The Newnan herald.,Newnan,Coweta,"Newnan, Ga.",1915,1947,Weekly,Brown & Carpenter,English
sn89053459,The Newnan news.,Newnan,Coweta,"Newnan, Ga.",1906,1915,Weekly,J.T. Fain,English
sn89053458,The Newnan weekly news.,Newnan,Coweta,"Newnan, Ga.",1890,1906,Weekly,J.T. Fain,English
sn82014831,News & planters' gazette.,Washington,Wilkes,"Washington, Wilkes County [sic], Ga.",1840,1844,Weekly,D.G. Cotting,English
2015229352,The News : a publication of the Atlanta Gay Center.,Atlanta,Fulton,"Atlanta, Ga.",1984,1999,Six no. a year,,English
sn89053282,The News and banner.,Franklin,Heard,"Franklin, Ga.",1800,9999,Weekly,P.T. McCutchen,English
sn88054135,The News and courant.,Cartersville,Bartow,"Cartersville, Ga.",1901,1904,Weekly,"D.B. Freeman, H.A. Chapman",English
sn90052178,The News and farmer and Wadley herald.,Louisville,Jefferson,"Louisville, Ga.",1967,1988,Weekly,[s.n.,English
sn86053065,The News and farmer.,Louisville,Jefferson,"Louisville, Ga.",1875,1967,Weekly,Roberts & Boyd,English
sn89053637,The News-herald.,Lawrenceville,Gwinnett,"Lawrenceville, Ga.",1898,1965,Weekly,Lawrenceville Pub. Co.,English
sn88054028,The news-review.,Augusta,Richmond,"Augusta, Ga.",1971,1972,Weekly,Mallory Millender,English
sn86053159,The news.,Washington,Wilkes,"Washington, Ga.",1816,1821,Weekly,John K.M. Charlton,English
sn88054136,The news.,Cartersville,Bartow,"Cartersville, Ga.",1901,1901,Weekly,News Print. Co.,English
sn90052258,The news.,Washington,Wilkes,"[Washington, Ga.",1833,1840,Weekly,Wm. A. Mercer],English
2019233478,The Norcross advance.,Norcross,Gwinnett,"Norcross, Ga.",1800,9999,Weekly,,English
sn90052280,North Cobb news.,Acworth,Cobb,Acworth-Kennesaw [Ga.,1900,1968,Weekly,s.n.],English
2024239306,The North Georgia alliance news.,Douglasville,Douglas,"Douglasville, Ga.",1880,9999,Weekly,,English
sn85034046,North Georgia citizen.,Dalton,Whitfield,"Dalton, Ga.",1868,1924,Weekly,J.T. Whitman and Henry A. Wrench,English
2020233226,North Georgia times.,Dalton,Whitfield,"Dalton, Ga.",1800,1868,Weekly,,English
sn87090007,North Georgia times.,Spring Place,Murray,"Spring Place, Ga.",1879,1891,Weekly,W.T. Hamby & W.C. Martin,English
sn88054080,North Georgia tribune.,Canton,Cherokee,"Canton, Ga.",1934,1973,Weekly,Tribune Print. Co.,English
sn86090954,The North Georgian.,Bellton,Banks,"Gainesville, Ga.",1877,1899,Weekly,Estes and Blats,English
sn89053931,The North Georgian.,Cumming,Forsyth,"Cumming, Ga.",1800,1999,Weekly,J.E. Kirby,English
sn90052351,The North-east Georgian.,Clarkesville,Habersham,"Clarkesville, Ga.",1857,1899,Weekly,Church & Robertson,English
sn85033989,The Northeast Georgian.,Athens,Clarke,"Athens, Ga.",1872,1875,Weekly,"T.W. & T.L. Gantt, 1872-1875.",English
sn90052354,The Northeastern progress.,Commerce,Jackson,"Harmony Grove, Ga. [Commerce, Ga.]",1878,1899,Weekly,Malcom Stafford,English
sn89053664,Ocilla dispatch.,Ocilla,Irwin,"Ocilla, Irwin County, Ga.",1899,1999,Weekly,Henderson & Hanlon,English
sn89053667,The Oconee enterprise.,Watkinsville,Oconee,"Watkinsville, Oconee County, Ga.",1887,9999,Weekly,L. Shackelford,English
sn85027057,The Oglethorpe echo.,Crawford,Oglethorpe,"Crawford, Ga.",1874,9999,Weekly,T.L. Gantt,English
sn89053124,The Omega news and the Lenox leader.,Lenox,Cook,"Lenox, Ga.",1980,1982,Biweekly,Richard B. Lavender,English
sn96069006,Omega news.,Omega,Tift,"Omega, Ga.",1939,1980,Weekly,Lang Print. Co.,English
sn90052353,The organ.,Hamilton,Harris,"Hamilton, Ga.",1852,1899,Weekly,B.E. White,English
sn90052081,The Orthodox democrat.,Barnesville,Lamar,"Barnesville, Ga.",1885,1999,Weekly,Wm S. Whitaker,English
sn90052038,The Pacificator.,Augusta,Richmond,"Augusta, Ga.",1864,1865,Weekly,Walsh & Blome,English
sn89053454,The Palladium.,Newnan,Coweta,"Newnan, Coweta County, Ga.",1835,1899,Weekly,C.F. Sherburne,English
sn89053478,The Palmetto gazette.,,Campbell,"Palmetto, Ga.",1871,1999,Weekly,A.D. Starnes,English
sn85034092,The Palmetto shield.,Palmetto,Fulton,"Palmetto, Ga.",1872,1873,Weekly,Oscar A. Cantrell,English
sn39098424,The Panther.,Atlanta,Fulton,"Atlanta, Georgia",1900,1989,,,English
sn91099137,The Patriot and commercial advertiser.,Savannah,Chatham,"Savannah, Ga.",1806,1807,Semiweekly,John Dougherty,English
sn91074119,Paulding County record.,Dallas,Paulding,"Dallas, Ga.",1875,1999,Weekly,Geo. Woods & Co.,English
sn87060335,The Paulding new era.,Dallas,Paulding,"Dallas, Ga.",1882,1899,Weekly,Breckinridge & Freeman,English
sn90052138,Pearson tribune.,Pearson,Atkinson,"Pearson, Ga.",1910,1955,Weekly,Tribune Pub. Co.,English
sn90052250,The Pelham journal.,Pelham,Mitchell,"Pelham, Ga.",1902,9999,Semiweekly,Pelham Journal Pub. Co.,English
sn90052234,The Pembroke journal and Bryan Countian.,Pembroke,Bryan,"Pembroke, Ga.",1968,1969,Weekly,Frank O. Miller,English
sn90052233,The Pembroke journal and the Bryan County enterprise.,Pembroke,Bryan,"Pembroke, Ga.",1927,1928,Weekly,Frank O. Miller,English
sn89053495,The Pembroke journal.,Pembroke,Bryan,"Pembroke, Ga.",1928,1967,Weekly,F.O. Miller,English
sn90052235,The Pembroke journal.,Pembroke,Bryan,"Pembroke, Ga.",1969,1976,Weekly,Frank O. Miller,English
sn91099136,The Penny local.,Savannah,Chatham,"Savannah, Ga.",1800,1899,Weekly,Ely Otto,English
sn89053089,The People's advocate.,,Greene,"Crawfordville, Ga.",1892,1893,Weekly,Paul L. Smith,English
sn85034098,People's friend.,Rome,Floyd,"Rome, Ga.",1873,1899,Weekly,A.B.S. Moseley,English
sn83016235,The People's party paper.,Atlanta,Fulton,"Atlanta, Ga.",1891,1898,Weekly,[People's Paper Pub. Co.],English
sn89053220,The Pickens County herald.,Jasper,Pickens,"Jasper, Ga.",1887,9999,Weekly,W.B. Mincey,English
sn89053221,Pickens County progress.,Jasper,Pickens,"Jasper, Ga.",1899,9999,Weekly,Jno. W. Nation,English
sn89053218,The Piedmont Republican.,Jasper,Pickens,"Jasper, Ga.",1890,1893,Weekly,Piedmont Republican Pub. Co.,English
sn89053260,Pike County journal and reporter.,Zebulon,Pike,"Zebulon, Ga.",1980,9999,Weekly,News Corp.,English
sn90052077,Pike County journal.,Zebulon,Pike,"Zebulon, GA.",1888,1904,Weekly,Parry Lee,English
sn01189550,The Pilgrim's banner.,Valdosta,Lowndes,"Valdosta, Ga.",1893,1918,Semimonthly,A.V. Simms & Co.,English
sn88054077,The Pine forest.,Swainsboro,Emanuel,"Swainsboro, Ga.",1000,1903,Weekly,Alfred Herrington,English
sn85027044,The Planters' advocate.,Cartersville,Bartow,"Cartersville, Ga.",1875,1879,Weekly,A. & W.A. Marschalk,English
sn89053159,Planters' weekly.,Greensboro,Greene,"Greenesboro' [i.e. Greensboro], Ga.",1850,1899,Weekly,Stevens & Fuller,English
sn88054150,The Post-search light.,Bainbridge,Decatur,"Bainbridge, Ga.",1915,9999,Semiweekly,E.H. Griffin,English
10021978,"The Presbyterian of the South : [combining the] Southwestern Presbyterian, Central Presbyterian, Southern Presbyterian.",Atlanta,Fulton,"Atlanta, Ga.",1909,1931,Weekly,Presbyterian Co.,English
sn89053508,The progressive era.,Athens,Clarke,"Athens, Ga.",1899,9999,Semimonthly,Era Pub. Co.,English
sn86053117,Public intelligencer.,Savannah,Chatham,"Savannah, Ga.",1807,1809,Semiweekly,Norman M'Lean and William E. Barnes,English
sn85034094,The Quitman banner.,Quitman,Brooks,"Quitman, Ga.",1866,1879,Weekly,F.R. Fildes,English
sn86053107,The Quitman reporter.,Quitman,Brooks,"Quitman, Ga.",1874,1899,Weekly,White & McIntosh,English
sn90052148,The Reason.,Savannah,Chatham,"Savannah, GA.",1908,1999,Weekly,Reason Co.,English
sn90052207,The record.,Wrightsville,Johnson,"Wrightsville, Ga.",1800,1999,Weekly,W.J. White,English
gua1179162,The Red and Black,Athens,Clarke,"Athens, Ga.",1893,9999,,University of Georgia,English
sn83016236,The reflector.,Milledgeville,Baldwin,"Milledgeville, Ga.",1817,1819,Weekly,John B. Hines,English
sn89053003,The Reform world.,Winder,Barrow,"Winder, Ga.",1890,9999,Weekly,M.D. Irwin,English
2014233618,Regimental mirror.,Fort Benning,Chattahoochee,"Fort Benning, Ga.",1943,1949,Weekly (on Thursday),,English
sn89053315,The republic.,Macon,Bibb,"Macon, Ga.",1844,1845,Weekly,Samuel M. Strong,English
sn82014388,The Republican ; and Savannah evening ledger.,Savannah,Chatham,"Savannah, Ga.",1807,1816,Triweekly,John F. Everitt,English
sn87073052,The Republican herald.,Columbus,Muscogee,"Columbus, Ga.",1836,1899,Weekly,J.B. Webb,English
sn91074111,Republican sentinel.,Rome,Floyd,"Rome, Floyd County, Ga.",1843,1899,Weekly,J.T. Riley,English
sn87090003,Richards' weekly gazette.,Athens,Clarke,"Athens, Ga.",1849,1850,Weekly,William C. Richards,English
sn89053669,The Rockdale banner.,Conyers,Rockdale,"Conyers, Ga.",1888,1900,Weekly,T.D. O'Kelley,English
sn89053741,The Rockdale record.,Conyers,Rockdale,"Conyers, Ga.",1928,1930,Weekly,W.E. Atkinson,English
sn85027040,Rockdale register.,Conyers,Rockdale,"Conyers, Ga.",1874,1877,Weekly,Register Pub. Co.,English
2020233249,The Rome courier and southern statesman.,Rome,Floyd,"Rome, Georgia",1857,1859,Weekly,,English
sn86053108,Rome courier.,Rome,Floyd,"Rome, Ga.",1849,1899,Weekly,A.M. Eddleman,English
sn89054006,The Rome hustler-commercial.,Rome,Floyd,"Rome, Ga.",1800,9999,Daily (except Sat.),Phil G. Byrd,English
sn85034101,The Rome tri-weekly commercial.,Rome,Floyd,"Rome, Ga.",1868,1899,Triweekly,Hood & Nevin,English
sn85034102,Rome tri-weekly courier.,Rome,Floyd,"Rome, Ga.",1860,1881,Triweekly,M. Dwinell,English
2002233213,The Rome tribune.,Rome,Floyd,"Rome, Ga.",1887,1909,Daily (except Mon.),Rome Tribune Co.,English
sn89099204,The Rome tribune.,Rome,Floyd,"Rome, Ga.",1000,1909,Weekly,W.A. Knowles,English
sn82014071,The Rome weekly courier.,Rome,Floyd,"Rome, Ga.",1860,1887,Weekly,M. Dwinell,English
sn83016191,The Royal Georgia gazette.,Savannah,Chatham,"Savannah, Ga.",1779,1782,Weekly,John Daniel Hammerer,English
sn89053121,Rural cabinet.,Warrenton,Warren,"Warrenton, Ga.",1828,1899,Weekly,P.L. Robinson,English
2019233472,The rural southerner & plantation.,Atlanta,Fulton,"Atlanta, Georgia",1866,1899,Monthly,,English
sn85034106,The Sandersville herald.,Sandersville,Washington,"Sandersville, Ga.",1872,1909,Weekly,Medlock & Arline,English
2023239320,Sandy Springs reporter.,Atlanta,Fulton,"Sandy Springs, GA",2007,9999,Monthly,,English
sn85034257,Savannah Abend Zeitung.,Savannah,Chatham,Savannah [Ga.],1871,1887,Weekly,J. Stern,English
gua1189480,The Savannah bulletin.,Savannah,Chatham,"Monroe, Ga.",1958,1958,Fortnightly,Catholic Laymen's Association of Georgia,English
sn83026610,The Savannah courier.,Savannah,Chatham,"Savannah, Ga.",1852,1859,Daily,S.T. Chapman,English
sn85034331,The Savannah daily advertiser.,Savannah,Chatham,Savannah [Ga.],1860,1873,Daily (except Mon.),Beard & Kimball,English
sn91074139,Savannah daily evening recorder.,Savannah,Chatham,"Savannah, GA.",1878,1899,Daily (except Sat.),R.M. Orme,English
sn83016094,Savannah daily Georgian & journal.,Savannah,Chatham,"Savannah, Ga.",1856,1856,Daily (except Sunday),R.B. Hilton,English
sn83016093,The Savannah daily Georgian.,Savannah,Chatham,"Savannah, Ga.",1800,1856,Daily (except Monday),P.J. Punch & S.S. Sibley,English
sn90052435,The Savannah daily Georgian.,Savannah,Chatham,"Savannah, Ga.",1857,1899,Daily (except Sun.),A.R. Lamar,English
sn82014389,Savannah daily herald.,Savannah,Chatham,"Savannah, Ga.",1865,1866,Daily (except Sunday),S.W. Mason & Co.,English
sn91074126,The Savannah daily journal and courier.,Savannah,Chatham,"Savannah, Ga.",1850,1859,Daily (except Sunday),R.B. Hilton,English
sn82014390,Savannah daily loyal Georgian.,Savannah,Chatham,"Savannah, Ga.",1864,1864,Daily,M. Summers,English
sn88074195,The Savannah daily morning news.,Savannah,Chatham,"Savannah, Ga.",1868,1868,Daily,J.H. Estill,English
sn82015779,Savannah daily republican.,Savannah,Chatham,"Savannah, Ga.",1818,1824,Daily (except Sunday),F.S. Fell,English
sn82015878,Savannah daily republican.,Savannah,Chatham,"Savannah, Ga.",1840,1853,Daily (except Sunday),Locke & Davis,English
sn82015879,The Savannah daily republican.,Savannah,Chatham,"Savannah, Ga.",1866,1873,Daily (except Mon.),J.E. Hayes,English
sn87062330,The Savannah daily republican.,Savannah,Chatham,"Savannah, Ga.",1855,1858,Daily (except Sun.),P.W. Alexander,English
sn90052134,The Savannah daily times.,Savannah,Chatham,"Savannah, Ga.",1880,1999,Daily (except Sat.),Savannah Times Pub. Co.,English
sn90052191,Savannah daily times.,Savannah,Chatham,"Savannah, Ga.",1936,9999,Daily (except Sat.),"Public Opinion, Inc.",English
sn90052392,The Savannah evening journal.,Savannah,Chatham,Savannah [Ga],1852,1859,Daily (except Sun.),AJ. B. Cubbedge,English
sn90052375,Savannah evening mirror.,Savannah,Chatham,"Savannah, Ga.",1800,1899,Daily,Divine & Oliveros,English
sn91099128,Savannah evening star.,Savannah,Chatham,"[Savannah, Ga.]",1872,1899,Daily,William M. Sneed,English
sn82014070,Savannah gazette.,Savannah,Chatham,"Savannah, Ga.",1817,1817,Triweekly,Michael J. Kappel,English
sn83016095,Savannah Georgian & journal.,Savannah,Chatham,"Savannah, Ga.",1856,1856,Daily (except Sun.),R.B. Hilton,English
sn83016084,Savannah Georgian.,Savannah,Chatham,"Savannah, Ga.",1824,1829,Daily (except Sunday),G. & W. Robertson,English
sn83016085,The Savannah Georgian.,Savannah,Chatham,Savannah [Ga.],1847,1899,Daily (except Sun.),W.H. Bulloch,English
sn86053122,Savannah Georgian.,Savannah,Chatham,"Savannah, Ga.",1822,1899,Triweekly,[s.n.,English
sn85034254,The Savannah journal.,Savannah,Chatham,"Savannah, Ga.",1872,1873,Weekly,[Thomas Robinson],English
sn86053128,Savannah journal.,Savannah,Chatham,"Savannah, Ga.",1851,1852,Daily (except Sun.),J.B. Cubbedge,English
sn82006816,Savannah Mercury.,Savannah,Chatham,"Savannah, Ga.",1828,1829,Daily (triweekly in summer),C.E. Bartlet,English
sn82015137,Savannah morning news.,Savannah,Chatham,"Savannah, Ga.",1868,1887,Daily,J.H. Estill,English
sn89053684,The Savannah morning news.,Savannah,Chatham,"Savannah, Ga.",1900,9999,Daily,J.H. Estill,English
sn82014564,The Savannah museum.,Savannah,Chatham,"Savannah, Ga.",1820,1822,Daily (except Sun.; triweekly July-Oct.),Kappel & Bartlet,English
sn82014289,Savannah national republican.,Savannah,Chatham,"Savannah, Ga.",1865,1866,Daily (except Sunday),J.E. Hayes,English
sn89053683,The Savannah press.,,Chatham,"Savannah, Ga.",1891,1931,Daily (except Sun.),Savannah Press Pub. Co.,English
sn82015877,Savannah republican.,Savannah,Chatham,"Savannah, Ga.",1816,1818,Daily (except Sunday),F.S. Fell & Co.,English
sn85038496,The Savannah Republican.,Savannah,Chatham,"Savannah, Ga.",1858,1865,Daily (except Sunday),F.W. Sims,English
sn87062327,Savannah republican.,Savannah,Chatham,"Savannah, Ga.",1824,1829,Daily (except Sunday),F.S. Fell,English
sn87062329,The Savannah republican.,Savannah,Chatham,"Savannah, Ga.",1853,1855,Daily (except Sun.),P.W. Alexander & Co.,English
sn91099122,Savannah times.,Savannah,Chatham,"Savannah, Ga.",1881,1889,Daily,J.B. Haslam & Wm. M. Sneed,English
sn84020323,The Savannah tribune.,Savannah,Chatham,Savannah [Ga.],1876,1960,Weekly,"Toomer, White, Pleasant & Co.",English
sn95003657,The Savannah tribune.,Savannah,Chatham,"Savannah, Ga.",1973,9999,Weekly,"Savannah Tribune, Inc.",English
sn83016195,Savannah weekly echo.,Savannah,Chatham,"Savannah, Ga.",1879,1884,Weekly,Harden Bros. & Griffin,English
2018233525,Savannah weekly news.,Savannah,Chatham,Savannah,1894,1920,Semiweekly,,English
sn85034396,The Savannah weekly news.,Savannah,Chatham,"Savannah, Ga.",1868,1879,Weekly,Theodore Blois,English
sn85038498,The Savannah weekly Republican.,Savannah,Chatham,"Savannah, Ga.",1854,1873,Weekly,F.W. Sims,English
sn89053215,Schley County enterprise.,Ellaville,Schley,"Ellaville, Ga.",1886,1999,Weekly,A.J. Harp,English
sn89053217,Schley County news.,Ellaville,Schley,"Ellaville, Ga.",1889,1939,Weekly,R. Don McLeod,English
sn88054148,The Search light.,Bainbridge,Decatur,"Bainbridge, Ga.",1800,1903,Weekly,S. Russell Brinson,English
sn90052341,The Searchlight.,Savannah,Chatham,"Savannah, Ga.",1906,1999,Weekly,Searchlight Pub. Co.,English
sn88054128,Semi-weekly standard & express.,Cartersville,Bartow,"Cartersville, Ga.",1871,1871,Semiweekly,"Smith, Wikle & Co.",English
sn85027033,Semi-weekly Sumter Republican.,Americus,Sumter,"Americus, Ga.",1875,1889,Semiweekly,Hancock & Reilly,English
sn90052366,Semi-weekly true flag.,Rome,Floyd,"Rome, Ga.",1860,1899,Semiweekly,D.H. Mason,English
sn89053944,The sentinel.,Louisville,Jefferson,"Louisville, Ga.",1820,1899,Weekly,Matthew Robertson,English
2023239326,Silver streak.,Atlanta,Fulton,"[Atlanta, Georgia]",2023,9999,Monthly,,English
sn89071370,The soldier's friend.,Atlanta,Fulton,"Atlanta, Ga.",1863,1999,Weekly,A.S. Worrell,English
sn89053672,The Solid South.,Conyers,Rockdale,"Conyers, Ga.",1883,1892,Weekly,South Pub. Co.,English
sn82014817,The Soperton news.,Soperton,Treutlen,"Soperton, Ga",1914,2020,Weekly,Horace M. Flanders,English
sn90052122,South Georgian.,,Montgomery,"Macville, Ga.",1870,1999,Weekly,W.T. McArthur & S.A. Faukler,English
sn89053284,The South western news.,Dawson,Terrell,"Dawson, GA.",1880,1889,Weekly,Roberts & Marshall,English
sn90052165,The South-west Georgian.,Oglethorpe,Macon,"Oglethorpe, Ga.",1851,1899,Weekly,Youngblood & Allen,English
sn90052358,South-western news.,Americus,Sumter,Americus [Ga.],1850,1899,Weekly,"W.B., Guerry & J.E. Mercer",English
sn89053609,The southeast Georgian.,Kingsland,Camden,"Kingsland, Ga.",1894,1996,Weekly,Julius King & N.L. Stafford,English
2019233475,The Southern agriculturist.,Savannah,Chatham,Savannah ;,1868,9999,Monthly,,English
sn89053723,The Southern alliance farmer.,Atlanta,Fulton,"Atlanta, Ga.",1800,1899,Weekly,Southern Alliance Publis'ng Co.,English
sn82014069,Southern banner.,Athens,Clarke,"Athens, Ga.",1832,1872,Weekly,Albon Chase,English
sn88054110,Southern banner.,Athens,Clarke,"Athens, Ga.",1878,1879,Weekly,W.F. Combs,English
sn84020366,"Southern centinel, and gazette of the state.",Augusta,Richmond,Augusta [Ga.],1793,1999,Weekly,Printed by Alexander M'Millan,English
sn91099152,Southern Christian advocate.,Macon,Bibb,"Macon, Ga.",1800,1899,,J.W. Burke & Co.,English
sn82014677,Southern confederacy.,Macon,Bibb,"Atlanta, Ga.",1861,1865,Daily (except Monday),Hanleiter & Adair,English
sn89053994,Southern courant.,Washington,Wilkes,"Washington, Wilkes County, Ga.",1800,1899,Weekly,James M. Smythe,English
sn86053130,Southern cross.,Savannah,Chatham,"Savannah, Ga.",1875,1877,Weekly,William Rankin,English
sn83002253,Southern cultivator.,Augusta,Richmond,"Augusta, Ga.",1843,1889,Weekly,,English
sn82014816,The Southern Democrat.,Oglethorpe,Macon,"Oglethorpe, Ga.",1851,1853,Weekly,P.L.J. May,English
sn88054090,Southern enterprise.,Thomasville,Thomas,"Thomasville, Ga.",1800,1889,Weekly,Bryan & Chastain,English
sn88054091,Southern enterprise.,Thomasville,Thomas,"Thomasville, Ga.",1867,1867,Semiweekly,L.C. Bryan,English
sn88054092,Southern enterprise.,Thomasville,Thomas,"Thomasville, Ga.",1865,1866,Weekly,Lucius C. Bryan,English
2020233227,The Southern farm.,Atlanta,Fulton,"Atlanta, Georgia",1887,1893,Semimonthly,,English
sn87062317,Southern federal union.,Milledgeville,Baldwin,"Milledgeville, Ga.",1861,1862,Weekly,"Boughton, Nisbet & Barnes",English
sn90065032,The Southern field and fireside.,Augusta,Richmond,"Augusta, Ga.",1859,1864,Weekly,James Gardner,English
sn88054068,Southern Georgian.,Bainbridge,Decatur,"Bainbridge, Ga.",1866,1869,Weekly,G.A. Padriok,English
sn85027042,The southern herald.,Athens,Clarke,"Athens, Ga.",1850,1853,Weekly,Lampkin & Adams,English
sn89053174,Southern herald.,Griffin,Spalding,"Griffin, Ga.",1866,1866,Weekly,D.N. Martin & Co.,English
sn78003973,The Southern Israelite.,Atlanta,Fulton,"Augusta, Ga.",1925,1986,Weekly,H. Cerf Straus,English
sn85038499,The Southern literary companion.,Newnan,Coweta,"Newnan, Ga.",1860,1869,Weekly,I.N. Paris,English
sn85034259,Southern literary gazette.,Athens,Clarke,"Athens, Ga.",1848,1849,Weekly,Wm. C. Richards,English
sn89053381,Southern literary gazette.,Charleston,,"Charleston, S.C.",1850,1852,Weekly,Walker & Richards,English
sn83016185,Southern miscellany.,Atlanta,Fulton,"Madison, Ga.",1842,1849,Weekly,Cornelius R. Hanleiter,English
sn82015876,The Southern museum.,Macon,Bibb,"Macon, Ga.",1848,1850,Weekly,Harrison & Myers,English
sn03142440,Southern outdoors.,Atlanta,Fulton,"Atlanta, Ga.",1946,1963,,Georgia Game and Fish Commission,English
sn86053118,The Southern patriot.,Savannah,Chatham,Savannah [Ga.],1804,1806,Semiweekly,"Printed by James Hely, for the Proprietors",English
sn89053314,The Southern post and literary aspirant.,Macon,Bibb,"Macon, Ga.",1837,1837,Weekly,C.R. Hanletter & Co.,English
sn89053313,Southern post.,Macon,Bibb,"Macon, Ga.",1837,1899,Weekly,C.R. Hanleiter,English
sn88054065,The Southern record.,Toccoa,Habersham,"Toccoa, Ga.",1897,1901,Weekly,Southern Pub. Co.,English
sn82016415,Southern recorder.,Milledgeville,Baldwin,"Milledgeville, Ga.",1820,1872,Weekly,Grantland & Orme,English
sn89053837,The southern republic.,Augusta,Richmond,"Augusta, Ga.",1860,1861,Daily,Wm. J. Vason & Co.,English
sn59049440,Southern school news.,Nashville,Davidson,"Nashville, Tenn.",1954,1965,Monthly,[Southern Education Reporting Service],English
sn82015296,The Southern sentinel.,Columbus,Muscogee,"Columbus, Ga.",1850,1899,Weekly,Wm. H. Chambers,English
sn82015113,Southern spy.,Washington,Wilkes,"Washington, Ga.",1834,1899,Weekly,M.J. Kappel,English
sn85027039,The southern statesman.,Calhoun,Gordon,"Calhoun, Ga.",1855,1899,Weekly,J.W. Dodd,English
sn88054067,The Southern sun.,Bainbridge,Decatur,"Bainbridge, Ga.",1869,1872,Weekly,John R. Hayes,English
sn85034174,Southern times & planter.,Sparta,Hancock,"Sparta, Ga.",1870,1899,Weekly,"Little, Harris & Co.",English
sn83016186,The Southern tribune.,Macon,Bibb,"Macon, Ga.",1850,1851,Weekly,W.B. Harrison,English
sn61311684,Southern voice.,Atlanta,Fulton,"Atlanta, Georgia",1988,2099,Weekly,,English
sn82014669,The Southern watchman.,Athens,Clarke,"Athens, Ga.",1854,1882,Weekly,John H. Christy,English
sn88054104,Southern weekly banner.,Athens,Clarke,"Athens, Ga.",1881,1882,Weekly,J.T. Waterman,English
sn82015107,The southern Whig.,Athens,Clarke,"Athens, Ga.",1833,1850,Weekly,James W. Jones,English
sn90052361,The Southern witness.,Monroe,Walton,"Monroe, Ga.",1870,1899,Weekly,G.A. Nunnally,English
sn94058024,"Southern world : journal of industry for the farm, home and workshop.",Atlanta,Fulton,"Atlanta, Ga.",1882,1899,Semimonthly,Southern World Pub. Co.,English
sn88074817,The Southerner and commercial advertiser.,Rome,Floyd,"Rome, Ga.",1848,1899,Weekly,D.H. Mason,English
sn86053109,The Southerner.,Rome,Floyd,"Rome, Ga.",1849,1852,Weekly,S. Fouche & G.P. Hamilton,English
sn90052371,The southerner.,Augusta,Richmond,"Augusta, Ga.",1840,1899,Weekly,Guieu and Thompson,English
sn82015714,The Southron.,Milledgeville,Baldwin,"Milledgeville, Ga.",1828,1899,Weekly (Semiweekly in <Dec.>),Guieu & Jones,English
sn85027069,The southron.,Gainesville,Hall,"Gainesville, Ga.",1875,1885,Weekly,W.H. Craig,English
sn89053039,The Southwest Georgian.,Fort Gaines,Clay,"Fort Gaines, Clay County, Ga.",1912,1948,Weekly,[s.n.],English
sn86053111,The Sparta times and planter.,Sparta,Hancock,"Sparta, Ga.",1860,1889,Weekly,J.J. Hickman,English
sn79002954,The Speedy bee.,Jesup,Wayne,"Jesup, Ga.",1972,9999,Monthly,"Fore's Honey Farms, Inc., etc.",English
sn81304549,The Spelman spotlight.,Atlanta,Fulton,"Atlanta , Georgia",1957,1980,,,English
sn81306945,The Spotlight.,Atlanta,Fulton,,1980,2019,,,English
sn89053503,Spring Place jimplecute.,Spring Place,Murray,"Spring Place, Ga.",1891,1999,Weekly,Carter & Heartsell,English
sn85034018,The standard and express.,Cartersville,Bartow,"Cartersville, Ga.",1871,1875,Weekly,Samuel H. Smith & Co.,English
sn82006817,Standard of union and free trade advocate.,Milledgeville,Baldwin,"Sparta, Ga.",1833,1839,Weekly,P.L. Robinson,English
sn87090009,Standard of union.,Milledgeville,Baldwin,"Milledgeville, Ga.",1830,1899,Weekly,P.L. & B.H. Robinson,English
sn85027028,The standard.,Cassville,Bartow,"Cassville, Ga.",1849,1864,Weekly,John W. Burke,English
sn02755947,The star daily news.,Milledgeville,Baldwin,"Milledgeville, Georgia",0,9999,,,English
sn89053949,The Star of the south.,Elberton,Elbert,"Elberton, Ga.",1859,1899,Weekly,Eberhart & Hutchinson,English
2023239322,StarNews.,Carrollton,Carroll,"Carrollton, GA",2000,9999,Monthly,,English
sn89053749,State of Dade news.,Trenton,Dade,"Trenton, Ga.",1891,1901,Weekly,B.T. Brock,English
sn88074827,State press.,Macon,Bibb,"Macon, Ga.",1857,1899,Weekly,E.C. & A.M. Rowland,English
sn91099119,State press.,Macon,Bibb,"Macon, Ga.",1859,1859,Daily,E.C. & A.M. Rowland,English
sn89053586,The Statesboro eagle.,Statesboro,Bulloch,"Statesboro, GA.",1884,1891,Weekly,J.A. Brannen,English
sn89053592,Statesboro star.,Statesboro,Bulloch,"Statesboro, GA.",1893,1901,Weekly,J.R. Miller,English
sn82015110,Statesman & patriot.,Milledgeville,Baldwin,"Milledgeville, Ga.",1827,1830,Weekly,E.H. Burritt,English
sn90052059,Stillmore times.,Stillmore,Emanuel,"Stillmore, Ga.",1898,1999,Weekly,Stillmore Pub. Co.,English
sn86053145,The Summerville gazette.,Summerville,Chattooga,"Summerville, Ga.",1874,1889,Weekly,John A. Henry,English
sn89053933,The Summerville news.,Summerville,Chattooga,"Summerville, Chattooga County, Ga.",1896,9999,Weekly,J.W. Cain,English
sn90052396,The Sun and Columbus daily enquirer.,Columbus,Muscogee,"Columbus, Ga.",1874,1874,Daily (except Mon.),"Alfred R. Calhoun, 1874.",English
sn90052395,The Sun and Columbus enquirer.,Columbus,Muscogee,"Columbus, Ga.",1874,1874,Daily (except Monday),Alfred R. Calhoun,English
sn84024803,The Sun and Columbus weekly enquirer.,Columbus,Muscogee,"Columbus, Ga.",1874,1879,Weekly,A.R. Calhoun,English
sn89053067,The Sun.,Hartwell,Hart,"Hartwell, GA.",1876,1879,Weekly,Belcher & McGill,English
sn86090958,The Sunday gazette.,Atlanta,Fulton,"Atlanta, Ga.",1878,1899,Weekly,J.R. Derby & Co.,English
sn90052363,Sunday phonograph.,Atlanta,Fulton,"Atlanta, Ga.",1878,1999,Weekly,W.T. Christopher,English
sn87090456,The sunny South.,Atlanta,Fulton,"Atlanta, Ga.",1875,1907,Weekly,John H. Seals,English
sn88054075,Swainsboro forest-blade.,Swainsboro,Emanuel,"Swainsboro, Ga.",1911,1979,Weekly,J.D. Mathews,English
sn89053370,The Sylvania telephone.,Sylvania,Screven,"Sylvania, Ga.",1879,9999,Weekly,C.H. Medlock,English
2023239314,The Sylvania times.,Sylvania,Screven,"Sylvania, Ga.",2022,9999,Weekly,,English
sn84002096,The Sylvester local news.,Sylvester,Worth,"Sylvester, Ga.",1984,9999,Weekly,Marian A. Sumner,English
sn85034176,The Talbotton standard.,Talbotton,Talbot,"Talbotton, Ga.",1870,1881,Weekly,John B. Gorman,English
sn89053579,Tattnall journal.,Reidsville,Tattnall,"Reidsville, Ga.",1800,2016,Weekly,Geo. G. Folsom,English
sn88054051,The Taylor County news and the Butler herald.,Butler,Taylor,"Butler, Ga.",1962,9999,Weekly,Taylor County Pub. Co.,English
sn85034225,The telegraph and messenger.,Macon,Bibb,"Macon, Ga.",1869,1873,Daily (except Sun.),"Clisby, Reid & Reese",English
sn90052067,The Telegraph.,Darien,McIntosh,"Darien, Ga.",1833,1899,Weekly,N.M. Caulder,English
sn89053494,The Telfair enterprise.,McRae,Telfair,"McRae, Ga.",1887,9999,Weekly,A.L. Ryals,English
sn89053162,The temperance banner.,Penfield,Greene,"Penfield, Ga.",1800,1856,Weekly,Benjamin Brantly,English
sn91099199,Temperance crusader.,Penfield,Greene,"Penfield, Ga.",1856,1857,Weekly,John H. Seals,English
sn96085069,The Baptist banner.,Cumming,Forsyth,"Cumming, Ga.",1800,1999,Weekly,,English
sn85034177,The Thomaston herald.,Thomaston,Upson,"Thomaston, Ga.",1870,1878,Weekly,Chas. G. Bearce,English
sn89053349,The Thomaston times.,Thomaston,Upson,"Thomaston, Ga.",1886,1977,Weekly,G.F. Oliphant,English
sn88054095,Thomasville times-enterprise and South Georgia progress.,Thomasville,Thomas,"Thomasville, Ga.",1904,1905,Weekly,Times-Enterprise Pub. Co.,English
sn88054089,The Thomasville times-enterprise.,Thomasville,Thomas,"Thomasville, Ga.",1889,1904,Weekly,Times-Enterprise Pub. Co.,English
sn85034183,The Thomasville times.,Thomasville,Thomas,"Thomasville, Ga.",1873,1889,Weekly,Christian & Triplett,English
sn85034184,The Thomson advertiser.,Thomson,McDuffie,"Thomson, Ga.",1866,1874,Weekly,J.W. Anderson & Co.,English
sn96030833,The thumb tack tribune.,Athens,Clarke,"Athens, Ga.",1900,1999,Irregular,Athens High School students,English
sn89053120,The Tifton gazette.,Tifton,Berrien,"Tifton, Berrien County, Ga.",1891,1974,Weekly,B.T. Allen,English
sn89053817,The Times & sentinel tri-weekly.,Columbus,Muscogee,"Columbus, Ga.",1855,1858,Triweekly,Tennent Lomax & Roswell Ellis,English
sn88074200,The Times and state's right advocate.,Milledgeville,Baldwin,"Milledgeville, Ga.",1833,1833,Weekly,Marmaduke J. Slade,English
sn89053236,Times-courier.,Ellijay,Gilmer,"Ellijay, Ga.",1916,9999,Weekly,C.F. Owens & R.M. Edge,English
sn88054088,The Times-enterprise semi-weekly edition.,Thomasville,Thomas,"Thomasville, Ga.",1000,9999,Semiweekly,Times-Enterprise Co.,English
sn89053057,The times-journal.,Eastman,Dodge,"Eastman, Ga.",1888,1974,Weekly,Times-Journal Print. Co.,English
sn89053203,The times-recorder.,Americus,Sumter,"Americus, Ga.",1891,1891,Daily (except Mon.),Times Pub. Co.,English
sn89053206,The times-recorder.,Americus,Sumter,"Americus, Ga.",1891,1891,Weekly,Times Pub. Co.,English
sn86053125,The times.,Savannah,Chatham,"Savannah, Ga.",1823,1829,Weekly,M.J. Kappel,English
sn89053622,The times.,Gainesville,Hall,"Gainesville, Ga.",1972,9999,Daily,Southland Pub. Co.,English
sn91099123,The times.,Savannah,Chatham,"Savannah, Ga.",1880,1881,Daily,[s.n.,English
sn88054060,The Toccoa news and Piedmont industrial journal.,Toccoa,Habersham,"Toccoa, Ga.",1889,1893,Weekly,[s.n.],English
sn88054059,Toccoa news.,Toccoa,Habersham,"Toccoa, Ga.",1800,1889,Weekly,Edw. Schaefer,English
sn88054061,The Toccoa news.,Toccoa,Habersham,"Toccoa, Ga.",1893,1896,Weekly,Edwards and Keese,English
sn88054066,The Toccoa record.,Toccoa,Habersham,"Toccoa, Ga.",1901,1995,Weekly,Southern Pub. Co.,English
sn88054064,The Toccoa times-news.,Toccoa,Habersham,"Toccoa, Ga.",1896,1897,Weekly,W. AL. [sic] Fowler,English
sn88054063,The Toccoa times.,Toccoa,Habersham,"Toccoa, Ga.",1894,1896,Weekly,W. AL [sic] Fowler,English
sn91074167,Toombs County local.,Vidalia,Toombs,"Vidalia, Ga.",1909,9999,,P.A. McQueen & Sons,English
sn89053537,Trench and camp.,Augusta,Richmond,"Augusta, Ga.",1917,1919,Weekly,[s.n.],English
sn90052376,Tri weekly news and herald.,Savannah,Chatham,"Savannah, Ga.",1866,1868,Triweekly,S.W. Mason,English
sn85038504,Tri-weekly chronicle & sentinel.,Augusta,Richmond,"Augusta, Ga.",1838,1877,Triweekly,J.W. & W.S. Jones,English
sn86053046,The Tri-weekly Columbus times.,Columbus,Muscogee,"Columbus, Ga.",1850,1859,Triweekly,"R.C. Forsyth, R. Ellis & Co.",English
sn90052019,Tri-weekly constitutionalist.,Augusta,Richmond,"Augusta, Ga.",1800,1877,Triweekly,James Gardner,English
sn87090466,The tri-weekly republic.,Augusta,Richmond,"Augusta, Ga.",1848,1851,Triweekly,James M. Smythe,English
sn90052024,The tri-weekly Republican.,Americus,Sumter,"Americus, Ga.",1868,1873,Three times a week,"Hancock, Graham & Reilly",English
sn90052023,Tri-weekly Sumter Republican.,Americus,Sumter,"Americus, Ga.",1865,1867,Triweekly,C.W. Hancock,English
sn89053814,The Tri-weekly times and sentinel.,Columbus,Muscogee,"Columbus, Ga.",1853,1854,Triweekly,T. Lomax and R. Ellis,English
2004213143,Tribune & Georgian,St. Marys,Camden,"Athens, Ga",2002,9999,Semiweekly,Community Newspapers Inc.,English
sn91074114,The Tribune-of-Rome.,Rome,Floyd,"Rome, GA.",1880,1999,Daily (except Mon.),John S. Seay,English
sn89054001,The tribune.,Buchanan,Haralson,"Buchanan, Ga.",1897,1917,Weekly,Tribune Pub. Co.,English
sn89053289,The true citizen.,Waynesboro,Burke,"Waynesboro, Ga.",1882,9999,Weekly,Sullivan Bros.,English
sn91099135,The truth.,Savannah,Chatham,"Savannah, Ga.",1892,1999,,[s.n.],English
2025239509,Tucker reporter.,Tucker,DeKalb,"[Atlanta, Georgia]",2024,9999,Monthly,,English
sn89053574,Twice-a-week telegraph.,Macon,Bibb,"Macon, Ga.",1899,1999,Semiweekly,Macon Telegraph Pub. Co.,English
sn88054086,The Twiggs County Citizen.,Jeffersonville,Twiggs,"Jeffersonville, Ga.",1906,1925,Weekly,W.C. Kelley,English
sn89053858,Twiggs County local.,Jeffersonville,Twiggs,"Jeffersonville, Ga.",1900,9999,Weekly,[s.n.],English
sn88054084,Twiggs County new era.,Jeffersonville,Twiggs,"Jeffersonville, Ga.",1929,9999,Weekly,Charles C. McCrory,English
sn88054085,The Twiggs herald.,Jeffersonville,Twiggs,"Jeffersonville, Ga.",1800,9999,Weekly,John J. Wimberly,English
sn82015111,Union and recorder.,Milledgeville,Baldwin,"Milledgeville, Ga.",1872,1886,Weekly,"Boughton, Barnes & Moore",English
sn89053811,Union recorder.,Milledgeville,Baldwin,"Milledgeville, Ga.",1886,9999,Daily (except Sunday and Monday),Barnes & Moore,English
gua1082039,University bumble bee.,Athens,Clarke,"Athens, Ga.",1889,1897,,[Bumble Bee Pub. Co.],English
sn01103037,University reporter;,Athens,Clarke,Athens,1800,9999,,Pub. by the Phi Kappa and Demosthenian Societies.,English
2023239333,Upson beacon.,Thomaston,Upson,"Thomaston, Ga.",2008,9999,Weekly,,English
sn89053350,Upson enterprise.,Thomaston,Upson,"Thomaston, Ga.",1878,1879,Weekly,John F. Means,English
sn85034395,Upson pilot.,Thomaston,Upson,"Thomaston, Ga.",1858,1864,Weekly,G.A. Miller,English
sn86053149,The Valdosta times.,Valdosta,Lowndes,"Valdosta, Ga.",1874,1949,Semiweekly,C.R. Pendleton,English
sn53254623,Veritas.,Athens,Clarke,"[Athens, Georgia]",1970,1970,,,English
sn89053358,The Vidalia advance.,Vidalia,Toombs,"Vidalia, Ga.",1900,1977,Weekly,N.C. Napier,English
sn88054082,The Vienna news.,Vienna,Dooly,"Vienna, Ga.",1901,1975,Weekly,"T.A. Adkins, Jr., and W.T. Adkins",English
sn88054123,The Vienna progress.,Vienna,Dooly,"Vienna, Ga.",1800,9999,Weekly,[Jno. E. Howell and Lacy A. Morgan],English
sn83016234,Voice of missions.,Atlanta,Fulton,"Atlanta, Ga.",1893,1900,Monthly,Missionary Dept. of the African Methodist Episcopal Church,English
sn89053365,The Voice of the people.,Cartersville,Bartow,"Cartersville, Ga.",1892,9999,Weekly,Cartersville Pub. Co.,English
sn90052175,The Wadley banner.,Wadley,Jefferson,"Wadley, Ga.",1896,1899,Weekly,G.W. Kelley,English
sn89053488,Walker County messenger.,LaFayette,Walker,"LaFayette, Ga.",1870,9999,Semiweekly,A. & E.A. McHan,English
sn91074170,The Walton casket.,Monroe,Walton,"Monroe, Ga.",1871,1879,Weekly,John P. Edwards,English
sn91074169,The Walton journal.,Social Circle,Walton,"Social Circle, Ga.",1869,1879,Weekly,W.A. Harp,English
sn89053116,The Warm Springs advertiser.,Warm Springs,Meriwether,"Warm Springs, Ga.",1930,1931,Weekly,Stuart M. Stout,English
sn82014200,The Warm Springs mirror.,Warm Springs,Meriwether,"Warm Springs, Ga.",1931,1954,Weekly,Mirror Pub. Co.,English
sn85034211,The Washington gazette.,Washington,Wilkes,"Washington, Ga.",1866,1904,Weekly,Jas. A. Wright,English
sn90052259,The Washington news and miscellaneous advertiser.,Washington,Wilkes,"Washington, Ga.",1832,1833,Weekly,Jesse Mercer,English
sn82014779,The Washington news.,Washington,Wilkes,"Washington, Ga.",1821,1839,Weekly,P.C. Guieu,English
sn90052015,"The Washingtonian, or, Total abstinence advocate.",Augusta,Richmond,"Augusta, Ga.",1842,1843,Twice a month,James McCafferty,English
sn89053666,The Watkinsville advance.,Watkinsville,Oconee,"Watkinsville, Ga.",1880,1999,Weekly,Hixon & Sullivan,English
sn90052331,Watson's weekly Jeffersonian.,Atlanta,Fulton,"Atlanta, Ga.",1907,1907,Weekly,Thos. E. Watson and J.D. Watson,English
sn89053270,Waycross evening herald.,Waycross,Ware,"Waycross, Ga.",1890,1999,Daily (except Sun.),A.P. Perham & Son,English
sn89053267,Waycross headlight.,,Charlton,"Waycross, Ga.",1884,1999,Weekly,T.E. Lanier,English
sn89053264,The Waycross herald.,,Charlton,"Waycross, Ga.",1800,1893,Weekly,Herald Pub. Co.,English
sn89053271,The Waycross journal.,Waycross,Ware,"Waycross, Ga.",1895,1914,Weekly,Waycross Journal Co.,English
sn89053265,Waycross weekly herald.,Waycross,Ware,"Waycross, Ga.",1893,1909,Weekly,Herald Pub. Co.,English
sn89053269,Waycross weekly herald.,Waycross,Ware,"Waycross, Ga.",1908,1999,Weekly,[s.n.],English
sn89053274,The Waycross weekly journal.,Waycross,Ware,"Waycross, Ga.",1914,1999,,[s.n.],English
sn89053976,Wayne County news.,Jesup,Wayne,"Jesup, Ga.",1896,9999,Weekly,Wayne County News Pub. Co.,English
sn89053981,The Wayne triumph.,Jesup,Wayne,"Jesup, Ga.",1875,9999,Weekly,"T.B. Goodbread, Prop'r.",English
sn86053152,The Waynesboro expositor.,Waynesboro,Burke,"Waynesboro, Ga.",1870,1880,Weekly,W.A. Wilkins,English
sn85034212,The Waynesboro news.,Waynesboro,Burke,"Waynesboro, Ga.",1860,1899,Weekly,W.A. Thompson,English
sn89053387,Weekly advertiser-appeal.,Brunswick,Glynn,"Brunswick, Ga.",1880,1889,Weekly,T.G. Stacy and Son,English
sn87090571,The weekly Atlanta intelligencer.,Atlanta,Fulton,"Atlanta, Ga.",1800,1861,Weekly,"Gaulding, Whitaker & Miller",English
sn89053739,Weekly Atlanta intelligencer.,Atlanta,Fulton,"Atlanta, Ga.",1865,1899,Weekly,Jared I. Whitaker,English
sn87090504,The weekly Augusta chronicle.,Augusta,Richmond,"Augusta, Ga.",1892,1999,Semiweekly,Chronicle Pub. Co.,English
sn88054101,The Weekly banner-watchman.,Athens,Clarke,"Athens, Ga.",1886,1889,Weekly,T.L. Gantt,English
sn88054112,The weekly banner.,Athens,Clarke,"Athens, Ga.",1891,1921,Weekly,Athens Pub. Co.,English
sn89053668,The weekly banner.,Conyers,Rockdale,"Conyers, Ga.",1900,1901,Weekly,J. Fred Wallis,English
sn88054133,The Weekly Cartersville express.,Cartersville,Bartow,"Cartersville, Ga.",1800,1867,Weekly,"Sam'l. H. Smith, and Robt. P. Milam",English
sn89053543,Weekly Catoosa courier.,Ringgold,Catoosa,"Ringgold, Ga.",1872,1879,Weekly,George R. Ghiselin,English
sn82014778,The Weekly chronicle & constitutionalist.,Augusta,Richmond,"Augusta, Ga.",1877,1889,Weekly,[Walsh & Wright,English
sn82014777,Weekly chronicle & sentinel.,Augusta,Richmond,"Augusta, Ga.",1830,1864,Weekly,William E. Jones & Co.,English
sn90052045,Weekly chronicle & sentinel.,Augusta,Richmond,"Augusta, Ga.",1866,1877,Weekly,"Henry Moore, A.R. Wright",English
sn89053029,The Weekly chronicle.,Fort Gaines,Clay,"Fort Gaines, Ga.",1891,9999,Weekly,Chronicle Print. Co.,English
sn84024802,Weekly Columbus enquirer.,Columbus,Muscogee,"Columbus, Ga.",1861,1873,Weekly,T. Ragland,English
sn89054005,The weekly commercial.,Rome,Floyd,"Rome, Ga.",1874,1876,Weekly,M.A. Nevin & Co.,English
sn84031635,The Weekly constitution.,Atlanta,Fulton,"Atlanta, Ga.",1868,1878,Weekly,W.A. Hemphill & Co.,English
sn89053705,The Weekly constitution.,Atlanta,Fulton,"Atlanta, Ga.",1881,1884,Weekly,[s.n.],English
sn87090503,Weekly constitutionalist.,Augusta,Richmond,"Augusta, Ga.",1850,1877,Weekly,James Gardner,English
sn83016184,The weekly defiance.,Atlanta,Fulton,"Atlanta, Ga.",1881,1889,Weekly,J.H. Brown & Co.,English
sn89053268,Weekly edition of the Waycross evening herald.,Waycross,Ware,"Waycross, Ga.",1900,1908,Weekly,[s.n.],English
sn89053229,The Weekly gazette.,Barnesville,Lamar,"Barnesville, Ga.",1868,1869,Weekly,Pound & Lamboin,English
sn91074160,Weekly Georgia citizen.,Macon,Bibb,"Macon, Ga.",1860,1861,Weekly,L.F.W. Andrews,English
sn85034440,Weekly Georgia constitutionalist and republic.,Augusta,Richmond,"Augusta, Ga.",1851,1859,Weekly,"James Gardner, Jr.",English
sn90052268,The weekly Georgia constitutionalist.,Augusta,Richmond,"Augusta, Ga.",1850,1851,Weekly,James Gardner,English
sn86077235,Weekly Georgia telegraph.,Macon,Bibb,Macon [Ga.],1858,1869,Weekly,Joseph Clisby,English
2022239703,The weekly Georgian.,Atlanta,Fulton,"Atlanta, Ga.",1913,1999,Weekly,,English
sn85040618,The Weekly Georgian.,Savannah,Chatham,Savannah [Ga.],1839,1849,Weekly,William H. Bulloch,English
sn89053640,Weekly Gwinnett atlas.,,Gwinnett,"Lawrenceville, Ga.",1871,1871,Weekly,Denis W.D. Boully,English
sn85034079,Weekly Gwinnett herald.,Lawrenceville,Gwinnett,"Lawrenceville, Ga.",1871,1885,Weekly,T.M. Peeples,English
2008233694,The weekly independent south.,Waynesboro,Burke,"Waynesboro, Ga.",1860,1863,Weekly,W. Rice,English
sn85038500,The Weekly intelligencer.,Atlanta,Fulton,"Atlanta, Ga.",1860,1865,Weekly,Jared I. Whitaker,English
sn90052218,Weekly Jeffersonian.,Atlanta,Fulton,"Atlanta, Ga.",1906,1907,Weekly,Thos. E. Watson and J.D. Watson,English
sn89053859,The Weekly journal.,Homer,Banks,"Homer, Ga.",1889,1999,Weekly,Jno. Barton,English
sn83027105,The weekly loyal Georgian.,Augusta,Richmond,"Augusta, Ga.",1867,1868,Weekly,Georgia Print. Co.,English
sn89053000,The weekly new era.,Atlanta,Fulton,"Atlanta, Ga.",1870,9999,Weekly,[Sam Bard],English
sn89053575,The Weekly news and advertiser.,Albany,Dougherty,"Albany, Ga.",1880,1999,Weekly,McIntosh & Evans,English
sn82014202,Weekly news.,Savannah,Chatham,"Savannah, Ga.",1870,1894,Weekly,J.H. Estill,English
sn90052188,The Weekly register.,Savannah,Chatham,"Savannah, Ga.",1874,1899,Weekly,Otto & Hubbard,English
sn89053969,Weekly republic.,Augusta,Richmond,"Augusta, Ga.",1848,1851,Weekly,James M. Smythe,English
sn90052036,The Weekly republican & discipline.,Atlanta,Fulton,"Atlanta, Ga.",1800,1899,Weekly,A.M. Eddleman and Co.,English
sn89053692,Weekly southern opinion.,Atlanta,Fulton,"Atlanta, Ga.",1868,1899,Weekly,John M. Floyd & Co.,English
2020233302,The weekly Southerner.,Rome,Floyd,"Rome, Ga.",1800,9999,Weekly,,English
sn88054129,The Weekly standard & express.,Cartersville,Bartow,"Cartersville, Ga.",1871,1871,Weekly,"Smith, Wikle & Co.",English
sn91074135,The weekly star.,Douglasville,Douglas,"Douglasville, Ga.",1800,1899,Weekly,[s.n.],English
sn88054026,Weekly state rights' sentinel.,Augusta,Richmond,"Augusta, Ga.",1834,1836,Weekly,William E. Jones,English
sn85033988,The Weekly Sumter republican.,,Lee,"Americus, Ga.",1800,1889,Weekly,Charles W. Hancock,English
sn84031643,The Weekly sun.,Atlanta,Fulton,"Atlanta, Ga.",1870,1872,Weekly,Atlanta Sun Pub. Co.,English
sn85034028,The weekly sun.,Columbus,Muscogee,"Columbus, Ga.",1857,1873,Weekly,Thos. Gilbert & Co.,English
sn89053573,Weekly telegraph and messenger.,Macon,Bibb,"Macon, Ga.",1880,1885,Weekly,Telegraph and Messenger Pub. Co.,English
sn89053329,The weekly telegraph.,Macon,Bibb,"Macon, Ga.",1885,1899,Weekly,Telegraph Pub. Co.,English
sn86053045,The Weekly times & sentinel.,Columbus,Muscogee,"Columbus, Ga.",1850,1858,Weekly,Lomax & Ellis,English
sn88054096,Weekly times enterprise and South Georgia progress.,Thomasville,Thomas,"Thomasville, Ga.",1905,9999,Weekly,Times-Enterprise Pub. Co.,English
sn89053210,Weekly times-recorder.,Americus,Sumter,"Americus, Ga.",1910,1917,Weekly,Thos. Gamble,English
2002233214,The weekly tribune.,Rome,Floyd,"Rome, Ga.",1887,1999,Weekly,Rome Tribune Co.,English
sn90052013,Weekly true democrat.,Augusta,Richmond,"Augusta, Ga.",1860,1899,Weekly,Wm J. Vason & Co.,English
sn11890897,The West Georgian.,Carrollton,Carroll,"Carrollton, Ga.",1933,9999,Weekly (except May-Aug.),,English
sn90052360,The West Point observer.,West Point,Troup,"West Point, Ga.",1866,1899,Weekly,A.D. Strands,English
2019233510,The Western Georgian.,Rome,Floyd,"Rome, Floyd County, Georgia",1838,1899,Weekly,,English
sn89053249,The Western herald.,Auraria,Lumpkin,"Auraria, Lumpkin County, Ga.",1833,1999,Weekly,O.P. Shaw,English
sn90052161,Wheeler county eagle.,Alamo,Wheeler,"Alamo, Ga.",1913,9999,Weekly,J.H. Gross,English
sn90052035,The Wheeler herald.,Alamo,Wheeler,"Alamo, Ga.",1912,1999,Weekly,Milton Burch,English
sn90052260,The Wilkes republican.,Washington,Wilkes,"Washington, Ga.",1850,1899,Weekly,Wm. Wilson,English
sn89053820,Wilkinson County news.,Irwinton,Wilkinson,"Irwinton, Ga.",1922,2008,Weekly,J.T. Brady,English
sn90052060,The Willacooche sun.,Willacoochee,Atkinson,"Willacoochee, Ga.",1904,1939,Weekly,Sun. Co.,English
sn90052061,The Willacoochee record.,Willacoochee,Atkinson,"Willacoochee, Coffee Co., Ga.",1911,9999,Weekly,Jeff L. Davis,English
sn90052062,The Willacoochee times.,Willacoochee,Atkinson,"Willacoochee, Ga.",1919,1939,Weekly,Lee W. Herrin,English
sn89053007,The Winder news and Barrow times.,Winder,Barrow,"Winder, Barrow County, Ga.",1921,1925,Weekly,McWhorter & Parham,English
sn89053008,The Winder news.,Winder,Barrow,"Winder, Jackson County, Ga.",1909,1921,Weekly,Ross & Cannon,English
sn89053009,Winder weekly news.,Winder,Barrow,"Winder, Jackson County, Ga.",1800,1909,Weekly,R.O. Ross,English
sn89053966,The Wire-grass reporter.,Thomasville,Thomas,"Thomasville, Ga.",1857,9999,Weekly,Peter E. Love and William H. Hall,English
sn90052116,The Wiregrass cracker.,Homerville,Clinch,"Homerville, GA.",1883,1999,,E.J. Benton,English
sn90052158,The Wiregrass farmer and stockman.,Ashburn,Turner,"Ashburn, Ga.",1900,1984,Weekly,A. Lawrence,English
sn88054146,The wiregrass farmer.,Ashburn,Turner,"Ashburn, Ga.",1984,9999,Weekly,"Ashburn Newspapers, Inc.",English
sn54110460,The Wolverine observer.,Atlanta,Fulton,"Atlanta, Georgia",1936,2001,Monthly,,English
sn90052204,The Wrightsville recorder.,Wrightsville,Johnson,"Wrightsville, Ga.",1880,1899,Weekly,A.I. Haines & Co.,English
sn90052065,The Young Harris news.,Young Harris,Towns,"Young Harris, Ga.",1800,1999,,[W.E. Pass],English
sn04233872,Zebra magazine.,Athens,Clarke,"Athens, Ga.",1996,9999,Monthly,"Walter Allen, Jr.",English
